serial no,average_word,word_length,up,low_ratio,smiley_count,stopword_usage,punctuation,msg_length,acro_line,elongation_vowel,suspension_point,imitation_rate,word_length,media_url,response_time
1,7,3,24,1,0,0,1,25,0,0,0,0,3,1,0
2,2,1,3,1,0,0,0,4,0,0,0,0.2857142857142857,1,0,0.0
3,3,2,8,1,0,0,-1,9,0,0,0,1.5,2,0,0.0
4,5,2,15,1,0,2,-1,16,0,0,0,1.6666666666666667,2,0,0.0
5,4,2,12,1,0,0,-1,13,1,0,0,0.8,2,0,0.0
6,3,3,12,1,0,1,-1,13,0,0,0,0.75,3,0,0.0
7,6,2,18,1,0,0,-1,19,0,0,0,2.0,2,0,0.0
8,7,3,25,1,0,1,-1,26,0,0,0,1.1666666666666667,3,0,0.0
9,6,3,21,1,0,1,-1,22,0,0,0,0.8571428571428571,3,0,0.0
10,2,3,9,1,0,0,-1,10,0,0,0,0.3333333333333333,3,0,0.0
11,7,2,18,1,0,1,-1,19,1,0,0,3.5,2,0,0.0
12,1,2,4,1,0,0,-1,5,0,1,0,0.14285714285714285,2,0,0.0
13,3,2,7,1,0,0,-1,8,0,0,0,3.0,2,0,0.0
14,6,3,19,3,0,0,-1,22,0,0,0,2.0,3,0,0.0
15,1,1,2,1,0,0,-1,3,0,0,0,0.16666666666666666,1,0,0.0
16,1,2,3,1,0,0,-1,4,0,0,0,1.0,2,0,0.0
17,2,3,8,1,0,0,-1,9,0,0,0,2.0,3,0,0.0
18,1,1,1,1,0,0,-1,2,0,0,0,0.5,1,0,0.0
19,5,3,18,2,0,1,-1,20,0,0,0,5.0,3,0,0.0
20,2,2,7,1,0,0,-1,8,0,0,0,0.4,2,0,0.0
21,2,3,10,1,0,0,-1,11,0,0,0,1.0,3,0,0.0
22,3,2,10,1,0,0,-1,11,0,0,0,1.5,2,0,0.0
23,3,2,10,1,0,2,-1,11,0,0,0,1.0,2,0,0.0
24,1,3,6,1,0,0,-1,7,0,0,0,0.3333333333333333,3,0,0.0
25,1,1,2,1,0,0,-1,3,0,0,0,1.0,1,0,0.0
26,3,2,6,2,0,0,-1,8,0,0,0,3.0,2,0,0.0
27,1,3,5,1,0,0,-1,6,0,0,0,0.3333333333333333,3,0,0.0
28,1,1,2,1,0,0,-1,3,0,0,0,1.0,1,0,0.0
29,6,2,18,2,0,0,-1,20,0,0,0,6.0,2,0,0.0
30,4,2,11,1,0,0,-1,12,0,0,0,0.6666666666666666,2,0,0.0
31,3,2,9,1,0,0,-1,10,1,0,0,0.75,2,0,0.0
32,1,1,1,1,0,0,-1,2,2,0,0,0.3333333333333333,1,0,0.0
33,1,1,0,3,0,0,3,3,0,1,0,1.0,1,0,0.0
34,1,2,4,1,0,0,-1,5,0,0,0,1.0,2,0,0.0
35,3,2,8,1,0,0,-1,9,0,0,0,3.0,2,0,0.0
36,1,3,5,1,0,0,-1,6,0,0,0,0.3333333333333333,3,0,0.0
37,3,3,14,1,0,0,-1,15,0,0,0,3.0,3,0,0.0
38,3,3,11,1,0,0,-1,12,1,0,0,1.0,3,0,0.0
39,2,3,8,1,0,0,-1,9,1,0,0,0.6666666666666666,3,0,0.0
40,9,3,30,1,0,0,-1,31,0,0,0,4.5,3,0,0.0
41,1,1,2,1,0,0,-1,3,0,0,0,0.1111111111111111,1,0,0.0
42,4,2,13,1,0,0,-1,14,0,0,0,4.0,2,0,0.0
43,6,3,20,1,0,1,0,21,0,0,0,1.5,3,0,0.0
44,2,2,6,1,0,0,-1,7,0,0,0,0.3333333333333333,2,0,0.0
45,2,2,5,1,0,0,-1,6,0,0,0,1.0,2,0,0.0
46,4,1,7,1,0,0,-1,8,0,0,0,2.0,1,0,0.0
47,3,2,7,1,0,0,-1,8,0,0,0,0.75,2,0,0.0
48,1,2,3,1,0,0,-1,4,0,0,0,0.3333333333333333,2,0,0.0
49,3,2,9,1,0,0,-1,10,0,0,0,3.0,2,0,0.0
50,4,2,12,1,0,1,-1,13,3,0,0,1.3333333333333333,2,0,0.0
51,2,2,5,1,0,0,-1,6,0,0,0,0.5,2,0,0.0
52,1,2,4,1,0,0,-1,5,0,0,0,0.5,2,0,0.0
53,3,1,5,2,0,0,-1,7,0,0,0,3.0,1,0,0.0
54,4,3,18,1,0,1,-1,19,0,0,0,1.3333333333333333,3,0,0.0
55,4,4,22,1,0,0,-1,23,0,0,0,1.0,4,0,0.0
56,4,1,8,1,0,1,-1,9,1,0,0,1.0,1,0,0.0
57,1,1,1,1,0,0,-1,2,2,0,0,0.25,1,0,0.0
58,3,3,12,2,0,0,-1,14,0,0,0,3.0,3,0,0.0
59,5,2,16,1,0,1,-1,17,0,0,0,1.6666666666666667,2,0,0.0
60,5,3,17,1,0,0,-1,18,0,0,0,1.0,3,0,0.0
61,7,2,15,1,0,0,-1,16,3,0,0,1.4,2,0,0.0
62,10,3,34,1,0,0,0,35,0,0,0,1.4285714285714286,3,0,0.0
63,6,2,18,1,0,0,-1,19,0,0,0,0.6,2,0,0.0
64,2,2,5,1,0,0,0,6,0,0,0,0.3333333333333333,2,0,0.0
65,2,2,5,1,0,0,-1,6,0,0,0,1.0,2,0,0.0
66,7,2,22,1,0,1,-1,23,0,0,0,3.5,2,0,0.0
67,3,2,10,1,0,0,-1,11,0,0,0,0.42857142857142855,2,0,0.0
68,12,2,35,1,0,0,0,36,0,0,0,4.0,2,0,0.0
69,4,3,16,1,0,0,-1,17,0,0,0,0.3333333333333333,3,0,0.0
70,10,2,31,1,0,0,0,32,0,0,0,2.5,2,0,0.0
71,4,3,15,1,0,0,-1,16,0,0,0,0.4,3,0,0.0
72,1,1,2,1,0,0,-1,3,0,0,0,0.25,1,0,0.0
73,7,3,27,1,0,0,-1,28,0,0,0,7.0,3,0,0.0
74,8,3,27,2,0,1,-1,29,0,0,0,1.1428571428571428,3,0,0.0
75,7,3,24,1,0,0,-1,25,0,0,0,0.875,3,0,0.0
76,10,3,32,1,0,0,-1,33,0,0,0,1.4285714285714286,3,0,0.0
77,1,1,2,1,0,0,-1,3,0,0,0,0.1,1,0,0.0
78,9,2,24,1,0,1,-1,25,0,0,0,9.0,2,0,0.0
79,8,3,30,1,0,0,-1,31,0,0,0,0.8888888888888888,3,0,0.0
80,1,1,2,1,0,0,-1,3,0,0,0,0.125,1,0,0.0
81,3,2,10,1,0,0,-1,11,1,0,0,3.0,2,0,0.0
82,4,3,16,2,0,0,-1,18,1,0,0,1.3333333333333333,3,0,0.0
83,1,1,2,1,0,0,-1,3,0,0,0,0.25,1,0,0.0
84,2,2,6,1,0,0,-1,7,0,0,0,2.0,2,0,0.0
85,5,2,15,1,0,0,-1,16,0,0,0,2.5,2,0,0.0
86,3,2,8,1,0,0,-1,9,0,0,0,0.6,2,0,0.0
87,4,2,10,1,0,1,0,11,1,0,0,1.3333333333333333,2,0,0.0
88,6,3,20,1,0,0,-1,21,1,0,0,1.5,3,0,0.0
89,6,2,16,1,0,1,-1,17,1,0,0,1.0,2,0,0.0
90,7,2,21,1,0,1,-1,22,0,0,0,1.1666666666666667,2,0,0.0
91,7,2,22,1,0,0,-1,23,0,0,0,1.0,2,0,0.0
92,1,1,2,1,0,0,4,3,0,1,0,0.14285714285714285,1,0,0.0
93,3,2,7,1,0,0,-1,8,0,0,0,3.0,2,0,0.0
94,6,3,22,1,0,1,-1,23,1,0,0,2.0,3,0,0.0
95,10,3,32,3,0,0,0,35,0,0,0,1.6666666666666667,3,0,0.0
96,4,3,16,1,0,0,-1,17,0,0,0,0.4,3,0,0.0
97,6,2,17,1,0,0,1,18,0,0,0,1.5,2,0,0.0
98,4,2,12,2,0,0,-1,14,0,0,0,0.6666666666666666,2,0,0.0
99,5,3,20,1,0,0,-1,21,0,0,0,1.25,3,0,0.0
100,2,4,11,1,0,0,1,12,0,0,0,0.4,4,0,0.0
101,14,3,52,1,0,0,-1,53,0,0,0,7.0,3,0,0.0
102,5,1,9,0,0,0,1,9,1,0,0,0.35714285714285715,1,0,0.0
103,6,2,18,1,0,1,-1,19,1,0,0,1.2,2,0,0.0
104,4,3,15,1,0,0,0,16,0,0,0,0.6666666666666666,3,0,0.0
105,5,3,20,1,0,0,-1,21,0,0,0,1.25,3,0,0.0
106,8,3,27,2,0,0,-1,29,0,0,0,1.6,3,0,0.0
107,2,2,7,1,0,0,-1,8,0,0,0,0.25,2,0,0.0
108,5,2,13,1,0,2,0,14,1,0,0,2.5,2,0,0.0
109,1,2,3,1,0,0,-1,4,0,0,0,0.2,2,0,0.0
110,5,2,12,1,0,1,0,13,1,0,0,5.0,2,0,0.0
111,4,2,12,1,0,0,-1,13,0,0,0,0.8,2,0,0.0
112,6,2,17,1,0,1,-1,18,0,0,0,1.5,2,0,0.0
113,2,2,7,1,0,0,-1,8,0,0,0,0.3333333333333333,2,0,0.0
114,1,1,1,1,0,0,-1,2,2,0,0,0.5,1,0,0.0
115,7,3,25,1,0,0,-1,26,0,0,0,7.0,3,0,0.0
116,1,1,1,1,0,0,-1,2,2,0,0,0.14285714285714285,1,0,0.0
117,2,1,4,1,0,0,-1,5,1,0,0,2.0,1,0,0.0
118,2,4,12,0,0,0,1,12,0,0,0,1.0,4,1,0.0
119,2,4,12,0,0,0,1,12,0,0,0,1.0,4,1,0.0
120,5,3,20,1,0,0,0,21,0,0,0,2.5,3,0,0.0
121,5,3,17,1,0,0,-1,18,0,0,0,1.0,3,0,0.0
122,1,0,0,0,3,0,-1,0,0,0,0,0.2,0,0,0.0
123,2,1,4,1,0,0,-1,5,0,0,0,2.0,1,0,0.0
124,8,3,26,1,0,1,-1,27,0,0,0,4.0,3,0,0.0
125,5,2,16,1,0,0,-1,17,0,0,0,0.625,2,0,0.0
126,4,1,6,3,0,0,-1,9,0,0,0,0.8,1,0,0.0
127,4,2,11,2,0,0,-1,13,1,0,0,1.0,2,0,0.0
128,1,2,4,1,0,0,-1,5,0,0,0,0.25,2,0,0.0
129,5,2,14,1,0,0,-1,15,0,0,0,5.0,2,0,0.0
130,3,1,5,1,0,0,-1,6,0,0,0,0.6,1,0,0.0
131,4,3,14,1,0,0,-1,15,0,0,0,1.3333333333333333,3,0,0.0
132,18,3,63,1,0,5,0,64,2,0,0,4.5,3,0,0.0
133,4,4,19,1,0,0,-1,20,0,0,0,0.2222222222222222,4,0,0.0
134,12,3,45,2,0,0,-1,47,1,0,0,3.0,3,0,0.0
135,6,3,21,1,0,0,0,22,2,0,0,0.5,3,0,0.0
136,10,3,33,2,0,0,-1,35,1,0,0,1.6666666666666667,3,0,0.0
137,9,3,38,1,0,3,0,39,2,0,0,0.9,3,0,0.0
138,17,2,50,3,0,2,3,53,1,0,0,1.8888888888888888,2,0,0.0
139,22,3,90,1,0,11,3,91,0,0,0,1.2941176470588236,3,0,0.0
140,5,3,19,1,0,1,-1,20,0,0,0,0.22727272727272727,3,0,0.0
141,14,2,36,3,0,2,1,39,1,0,0,2.8,2,0,0.0
142,14,3,45,2,0,1,0,47,0,0,0,1.0,3,0,0.0
143,11,2,31,1,0,4,0,32,2,0,0,0.7857142857142857,2,0,0.0
144,5,3,22,1,0,0,-1,23,0,0,0,0.45454545454545453,3,0,0.0
145,6,3,21,1,0,0,-1,22,0,0,0,1.2,3,0,0.0
146,18,3,53,5,0,1,0,58,0,0,0,3.0,3,0,0.0
147,15,2,44,1,0,0,3,45,0,0,0,0.8333333333333334,2,0,0.0
148,15,2,46,1,0,4,1,47,3,0,0,1.0,2,0,0.0
149,7,2,15,2,0,3,-1,17,2,0,0,0.4666666666666667,2,0,0.0
150,6,2,18,2,0,0,-1,20,0,0,0,0.8571428571428571,2,0,0.0
151,3,1,5,1,0,0,-1,6,0,0,0,0.5,1,0,0.0
152,2,2,5,1,0,0,-1,6,0,0,0,0.6666666666666666,2,0,0.0
153,1,6,11,1,0,0,0,12,0,0,0,0.5,6,0,0.0
154,7,2,22,1,0,1,-1,23,1,0,0,7.0,2,0,0.0
155,8,3,30,1,0,4,-1,31,0,0,0,1.1428571428571428,3,0,0.0
156,11,3,36,1,0,6,0,37,3,0,0,1.375,3,0,0.0
157,17,2,49,1,0,0,0,50,1,0,0,1.5454545454545454,2,0,0.0
158,8,2,21,2,0,4,-1,23,2,0,0,0.47058823529411764,2,0,0.0
159,1,0,0,0,1,0,-1,0,0,0,0,0.125,0,0,0.0
160,2,3,9,1,0,0,-1,10,0,0,0,2.0,3,0,0.0
161,21,4,96,1,0,4,1,97,0,0,0,10.5,4,0,0.0
162,2,3,8,1,0,0,-1,9,0,0,0,0.09523809523809523,3,0,0.0
163,2,2,5,1,0,0,0,6,0,0,0,1.0,2,0,0.0
164,6,2,17,1,0,0,-1,18,1,0,0,3.0,2,0,0.0
165,8,2,22,1,0,0,-1,23,0,0,0,1.3333333333333333,2,0,0.0
166,5,2,15,2,0,0,-1,17,1,0,0,0.625,2,0,0.0
167,1,2,3,1,0,0,-1,4,0,0,0,0.2,2,0,0.0
168,5,2,14,1,0,0,-1,15,0,0,0,5.0,2,0,0.0
169,8,3,34,1,0,0,-1,35,0,0,0,1.6,3,0,0.0
170,8,2,25,1,0,0,-1,26,0,0,0,1.0,2,0,0.0
171,2,2,5,1,0,0,-1,6,0,0,0,0.25,2,0,0.0
172,7,3,24,1,0,0,-1,25,0,0,0,3.5,3,0,0.0
173,3,1,3,3,0,0,-1,6,2,0,0,0.42857142857142855,1,0,0.0
174,5,2,15,1,0,0,-1,16,0,0,0,1.6666666666666667,2,0,0.0
175,5,3,17,1,0,0,-1,18,0,0,0,1.0,3,0,0.0
176,8,2,24,1,0,0,1,25,0,0,0,1.6,2,0,0.0
177,3,3,11,1,0,0,0,12,0,0,0,0.375,3,0,0.0
178,12,3,41,2,0,0,-1,43,1,0,0,4.0,3,0,0.0
179,1,1,2,1,0,0,-1,3,0,0,0,0.08333333333333333,1,0,0.0
180,10,2,28,1,0,1,-1,29,0,0,0,10.0,2,0,0.0
181,6,3,21,1,0,0,-1,22,1,0,0,0.6,3,0,0.0
182,4,2,11,1,0,0,-1,12,0,0,0,0.6666666666666666,2,0,0.0
183,4,2,13,1,0,0,0,14,2,0,0,1.0,2,0,0.0
184,7,3,23,5,0,0,-1,28,0,0,0,1.75,3,0,0.0
185,6,2,16,1,0,0,-1,17,0,0,0,0.8571428571428571,2,0,0.0
186,3,1,5,1,0,0,-1,6,0,0,0,0.5,1,0,0.0
187,1,0,0,0,0,0,-1,0,0,0,0,0.3333333333333333,0,0,0.0
188,1,0,0,0,0,0,-1,0,0,0,0,1.0,0,0,0.0
189,1,0,0,0,0,0,-1,0,0,0,0,1.0,0,0,0.0
190,8,3,26,1,0,1,-1,27,2,0,0,8.0,3,0,0.0
191,5,3,17,1,0,0,-1,18,0,0,0,0.625,3,0,0.0
192,3,2,9,1,0,0,2,10,0,1,0,0.6,2,0,0.0
193,1,2,3,1,0,0,-1,4,3,0,0,0.3333333333333333,2,0,0.0
194,3,2,10,1,0,0,-1,11,0,0,0,3.0,2,0,0.0
195,5,2,13,1,0,1,-1,14,1,0,0,1.6666666666666667,2,0,0.0
196,1,3,5,1,0,0,-1,6,0,0,0,0.2,3,0,0.0
197,4,2,11,1,0,0,-1,12,0,0,0,4.0,2,0,0.0
198,3,4,18,1,0,0,-1,19,0,0,0,0.75,4,0,0.0
199,3,2,9,1,0,0,-1,10,0,0,0,1.0,2,0,0.0
200,5,2,14,1,0,0,-1,15,0,0,0,1.6666666666666667,2,0,0.0
201,2,1,3,1,0,0,-1,4,0,0,0,0.4,1,0,0.0
202,3,2,7,1,0,0,-1,8,0,0,0,1.5,2,0,0.0
203,2,1,4,1,0,0,-1,5,0,0,0,0.6666666666666666,1,0,0.0
204,2,2,6,1,0,0,-1,7,0,0,0,1.0,2,0,0.0
205,4,3,15,1,0,0,0,16,0,0,0,2.0,3,0,0.0
206,5,2,13,1,0,0,-1,14,0,0,0,1.25,2,0,0.0
207,1,0,0,0,0,0,2,0,0,1,0,0.2,0,0,0.0
208,5,2,16,1,0,0,-1,17,0,0,0,5.0,2,0,0.0
209,5,3,18,1,0,0,-1,19,0,0,0,1.0,3,0,0.0
210,1,2,3,1,0,0,-1,4,0,0,0,0.2,2,0,0.0
211,4,2,13,1,0,0,-1,14,0,0,0,4.0,2,0,0.0
212,3,2,7,1,0,0,-1,8,0,0,0,0.75,2,0,0.0
213,4,1,6,1,0,1,-1,7,1,0,0,1.3333333333333333,1,0,0.0
214,10,3,32,1,0,0,-1,33,1,0,0,2.5,3,0,0.0
215,2,2,6,1,0,0,-1,7,0,0,0,0.2,2,0,0.0
216,10,3,35,1,0,2,0,36,0,0,0,5.0,3,0,0.0
217,1,2,3,1,0,0,-1,4,0,0,0,0.1,2,0,0.0
218,8,3,24,3,0,1,-1,27,1,0,0,8.0,3,0,0.0
219,6,2,19,1,0,0,-1,20,0,0,0,0.75,2,0,0.0
220,8,3,31,1,0,0,-1,32,0,0,0,1.3333333333333333,3,0,0.0
221,4,2,10,1,0,1,-1,11,0,0,0,0.5,2,0,0.0
222,2,3,8,1,0,0,-1,9,0,0,0,0.5,3,0,0.0
223,4,3,15,1,0,0,-1,16,0,0,0,2.0,3,0,0.0
224,5,2,14,1,0,0,-1,15,1,0,0,1.25,2,0,0.0
225,5,3,19,1,0,0,-1,20,0,0,0,1.0,3,0,0.0
226,3,3,12,1,0,0,-1,13,0,0,0,0.6,3,0,0.0
227,8,3,32,1,0,1,-1,33,0,0,0,2.6666666666666665,3,0,0.0
228,6,3,23,2,0,0,-1,25,0,0,0,0.75,3,0,0.0
229,1,2,3,1,0,0,-1,4,0,0,0,0.16666666666666666,2,0,0.0
230,5,2,14,1,0,0,-1,15,0,0,0,5.0,2,0,0.0
231,3,2,9,1,0,1,-1,10,1,0,0,0.6,2,0,0.0
232,6,3,23,1,0,0,-1,24,0,0,0,2.0,3,0,0.0
233,2,2,5,1,0,0,-1,6,0,0,0,0.3333333333333333,2,0,0.0
234,5,2,12,1,0,0,3,13,0,0,0,2.5,2,0,0.0
235,1,2,3,1,0,0,-1,4,0,0,0,0.2,2,0,0.0
236,3,2,8,1,0,0,-1,9,0,0,0,3.0,2,0,0.0
237,1,0,0,0,0,0,1,0,0,0,0,0.3333333333333333,0,0,0.0
238,3,2,9,1,0,0,-1,10,0,0,0,3.0,2,0,0.0
239,2,2,7,1,0,0,-1,8,0,0,0,0.6666666666666666,2,0,0.0
240,1,3,5,1,0,0,-1,6,0,0,0,0.5,3,0,0.0
241,2,2,7,1,0,0,-1,8,0,0,0,2.0,2,0,0.0
242,3,2,8,1,0,0,-1,9,1,0,0,1.5,2,0,0.0
243,3,3,12,1,0,0,-1,13,0,0,0,1.0,3,0,0.0
244,1,1,1,1,0,0,-1,2,2,0,0,0.3333333333333333,1,0,0.0
245,3,2,8,1,0,1,-1,9,1,0,0,3.0,2,0,0.0
246,5,3,20,1,0,0,-1,21,0,0,0,1.6666666666666667,3,0,0.0
247,2,2,5,1,0,0,-1,6,0,0,0,0.4,2,0,0.0
248,3,3,13,1,0,0,-1,14,0,0,0,1.5,3,0,0.0
249,7,2,22,1,0,1,-1,23,0,0,0,2.3333333333333335,2,0,0.0
250,9,3,32,2,0,0,-1,34,0,0,0,1.2857142857142858,3,0,0.0
251,2,2,6,1,0,0,-1,7,0,0,0,0.2222222222222222,2,0,0.0
252,5,2,16,1,0,0,-1,17,0,0,0,2.5,2,0,0.0
253,3,2,10,1,0,0,-1,11,1,0,0,0.6,2,0,0.0
254,5,2,15,1,0,3,-1,16,0,0,0,1.6666666666666667,2,0,0.0
255,2,2,5,1,0,1,-1,6,0,0,0,0.4,2,0,0.0
256,1,1,2,1,0,0,-1,3,0,0,0,0.5,1,0,0.0
257,4,2,11,1,0,0,-1,12,1,0,0,4.0,2,0,0.0
258,3,2,9,1,0,0,-1,10,0,0,0,0.75,2,0,0.0
259,1,2,3,1,0,0,-1,4,3,0,0,0.3333333333333333,2,0,0.0
260,5,2,14,1,0,0,-1,15,1,0,0,5.0,2,0,0.0
261,2,1,4,1,0,0,-1,5,0,0,0,0.4,1,0,0.0
262,3,2,7,1,0,1,-1,8,1,0,0,1.5,2,0,0.0
263,1,0,0,0,4,0,-1,0,0,0,0,0.3333333333333333,0,0,0.0
264,2,2,7,1,0,0,-1,8,0,0,0,2.0,2,0,0.0
265,1,0,0,0,4,0,-1,0,0,0,0,0.5,0,0,0.0
266,10,2,27,1,0,2,-1,28,1,0,0,10.0,2,0,0.0
267,1,2,3,1,0,0,-1,4,0,0,0,0.1,2,0,0.0
268,2,2,5,1,0,0,-1,6,0,0,0,2.0,2,0,0.0
269,1,1,2,1,0,0,-1,3,0,0,0,0.5,1,0,0.0
270,1,1,2,1,0,0,-1,3,0,0,0,1.0,1,0,0.0
271,1,2,3,1,0,0,-1,4,0,0,0,1.0,2,0,0.0
272,1,0,0,0,3,0,-1,0,0,0,0,1.0,0,0,0.0
273,2,3,8,1,0,0,-1,9,0,0,0,2.0,3,0,0.0
274,5,2,15,2,0,0,-1,17,1,0,0,2.5,2,0,0.0
275,3,3,14,1,0,1,-1,15,0,0,0,0.6,3,0,0.0
276,1,3,5,1,0,0,-1,6,0,0,0,0.3333333333333333,3,0,0.0
277,5,2,13,2,0,0,-1,15,0,0,0,5.0,2,0,0.0
278,2,1,3,0,0,0,1,3,0,0,0,0.4,1,0,0.0
279,1,1,2,1,0,0,-1,3,0,0,0,0.5,1,0,0.0
280,8,3,27,1,0,1,0,28,0,0,0,8.0,3,0,0.0
281,3,3,12,1,0,0,-1,13,1,0,0,0.375,3,0,0.0
282,2,2,7,1,0,0,-1,8,0,0,0,0.6666666666666666,2,0,0.0
283,4,3,14,1,0,0,-1,15,0,0,0,2.0,3,0,0.0
284,1,2,3,1,0,0,-1,4,0,0,0,0.25,2,0,0.0
285,9,3,30,1,0,0,-1,31,0,0,0,9.0,3,0,0.0
286,5,3,21,1,0,0,-1,22,0,0,0,0.5555555555555556,3,0,0.0
287,9,4,41,1,0,0,-1,42,0,0,0,1.8,4,0,0.0
288,16,3,53,1,0,1,0,54,0,0,0,1.7777777777777777,3,0,0.0
289,5,2,14,2,0,1,-1,16,0,0,0,0.3125,2,0,0.0
290,7,3,27,1,0,0,-1,28,0,0,0,1.4,3,0,0.0
291,3,2,10,1,0,1,-1,11,1,0,0,0.42857142857142855,2,0,0.0
292,3,2,7,1,0,0,-1,8,0,0,0,1.0,2,0,0.0
293,7,2,18,1,0,3,-1,19,1,0,0,2.3333333333333335,2,0,0.0
294,4,2,11,2,0,0,-1,13,0,0,0,0.5714285714285714,2,0,0.0
295,1,1,2,1,0,0,-1,3,0,0,0,0.25,1,0,0.0
296,7,2,19,1,0,1,0,20,0,0,0,7.0,2,0,0.0
297,4,3,14,1,0,0,-1,15,0,0,0,0.5714285714285714,3,0,0.0
298,7,3,27,1,0,0,2,28,1,0,0,1.75,3,0,0.0
299,1,0,0,0,0,0,-1,0,0,0,0,0.14285714285714285,0,0,0.0
300,11,3,45,1,0,1,-1,46,1,0,0,11.0,3,0,0.0
301,7,3,20,4,0,0,-1,24,0,0,0,0.6363636363636364,3,0,0.0
302,3,1,5,0,0,0,1,5,0,0,0,0.42857142857142855,1,0,0.0
303,5,3,17,1,0,0,-1,18,0,0,0,1.6666666666666667,3,0,0.0
304,5,3,16,2,0,0,-1,18,1,0,0,1.0,3,0,0.0
305,2,1,4,1,0,0,-1,5,0,0,0,0.4,1,0,0.0
306,1,2,3,1,0,0,-1,4,0,0,0,0.5,2,0,0.0
307,4,2,12,1,0,0,-1,13,1,0,0,4.0,2,0,0.0
308,5,3,19,2,0,2,-1,21,0,0,0,1.25,3,0,0.0
309,1,0,0,0,7,0,-1,0,0,0,0,0.2,0,0,0.0
310,1,2,3,1,0,0,-1,4,0,0,0,1.0,2,0,0.0
311,7,3,26,1,0,0,-1,27,0,0,0,7.0,3,0,0.0
312,1,0,0,0,5,0,-1,0,0,0,0,0.14285714285714285,0,0,0.0
313,7,3,28,1,0,0,-1,29,0,0,0,7.0,3,0,0.0
314,4,3,15,1,0,0,-1,16,0,0,0,0.5714285714285714,3,0,0.0
315,3,2,9,1,0,0,-1,10,0,0,0,0.75,2,0,0.0
316,1,4,7,1,0,0,-1,8,0,0,0,0.3333333333333333,4,0,0.0
317,4,2,12,1,0,0,-1,13,0,0,0,4.0,2,0,0.0
318,5,3,19,1,0,0,-1,20,0,0,0,1.25,3,0,0.0
319,11,2,34,1,0,1,-1,35,0,0,0,2.2,2,0,0.0
320,3,2,9,1,0,1,-1,10,0,0,0,0.2727272727272727,2,0,0.0
321,7,2,18,2,0,1,-1,20,1,0,0,2.3333333333333335,2,0,0.0
322,1,1,2,1,0,0,-1,3,0,0,0,0.14285714285714285,1,0,0.0
323,7,2,21,1,0,0,-1,22,0,0,0,7.0,2,0,0.0
324,2,3,8,1,0,0,-1,9,0,0,0,0.2857142857142857,3,0,0.0
325,8,2,24,2,0,1,-1,26,0,0,0,4.0,2,0,0.0
326,4,3,15,1,0,0,-1,16,0,0,0,0.5,3,0,0.0
327,2,2,5,1,0,0,-1,6,0,0,0,0.5,2,0,0.0
328,8,3,26,2,0,0,-1,28,0,0,0,4.0,3,0,0.0
329,1,2,4,0,0,0,0,4,0,0,0,0.125,2,0,0.0
330,3,2,9,1,0,0,-1,10,0,0,0,3.0,2,0,0.0
331,3,2,10,1,0,0,-1,11,0,0,0,1.0,2,0,0.0
332,1,5,9,1,0,0,-1,10,0,0,0,0.3333333333333333,5,0,0.0
333,4,3,17,1,0,0,-1,18,0,0,0,4.0,3,0,0.0
334,6,4,27,1,0,0,-1,28,0,0,0,1.5,4,0,0.0
335,4,2,11,1,0,0,-1,12,0,0,0,0.6666666666666666,2,0,0.0
336,7,3,25,1,0,0,-1,26,0,0,0,1.75,3,0,0.0
337,5,1,9,1,0,4,-1,10,0,0,0,0.7142857142857143,1,0,0.0
338,1,0,0,0,3,0,-1,0,0,0,0,0.2,0,0,0.0
339,1,0,0,0,0,0,-1,0,0,0,0,1.0,0,0,0.0
340,3,2,9,1,0,0,-1,10,0,0,0,3.0,2,0,0.0
341,2,2,5,1,0,0,-1,6,0,0,0,0.6666666666666666,2,0,0.0
342,5,3,21,1,0,0,-1,22,0,0,0,2.5,3,0,0.0
343,4,3,16,1,0,0,-1,17,0,0,0,0.8,3,0,0.0
344,5,2,12,3,0,0,-1,15,0,0,0,1.25,2,0,0.0
345,1,3,5,1,0,0,-1,6,0,0,0,0.2,3,0,0.0
346,1,0,0,0,4,0,-1,0,0,0,0,1.0,0,0,0.0
347,1,2,4,1,0,0,-1,5,0,0,0,1.0,2,0,0.0
348,2,2,7,1,0,0,-1,8,0,0,0,2.0,2,0,0.0
349,6,2,19,1,0,0,-1,20,0,0,0,3.0,2,0,0.0
350,10,3,38,1,0,2,-1,39,0,0,0,1.6666666666666667,3,0,0.0
351,1,0,0,0,4,0,-1,0,0,0,0,0.1,0,0,0.0
352,4,2,10,1,0,1,-1,11,1,0,0,4.0,2,0,0.0
353,2,2,5,1,0,0,-1,6,0,0,0,0.5,2,0,0.0
354,3,3,11,1,0,0,-1,12,0,0,0,1.5,3,0,0.0
355,1,2,3,1,0,0,-1,4,0,0,0,0.3333333333333333,2,0,0.0
356,3,2,8,2,0,0,-1,10,0,0,0,3.0,2,0,0.0
357,5,2,14,1,0,1,-1,15,1,0,0,1.6666666666666667,2,0,0.0
358,5,3,18,1,0,0,-1,19,0,0,0,1.0,3,0,0.0
359,1,2,3,1,0,0,-1,4,0,0,0,0.2,2,0,0.0
360,1,1,2,1,0,0,-1,3,0,0,0,1.0,1,0,0.0
361,3,2,8,1,0,0,-1,9,0,0,0,3.0,2,0,0.0
362,5,2,16,1,0,0,-1,17,0,0,0,1.6666666666666667,2,0,0.0
363,7,2,21,1,0,1,-1,22,0,0,0,1.4,2,0,0.0
364,4,2,12,1,0,0,-1,13,0,0,0,0.5714285714285714,2,0,0.0
365,7,3,30,1,0,0,-1,31,0,0,0,1.75,3,0,0.0
366,1,1,2,1,0,0,-1,3,0,0,0,0.14285714285714285,1,0,0.0
367,6,2,19,1,0,0,-1,20,0,0,0,6.0,2,0,0.0
368,4,3,14,1,0,0,-1,15,0,0,0,0.6666666666666666,3,0,0.0
369,1,1,1,1,0,0,-1,2,2,0,0,0.25,1,0,0.0
370,1,1,2,1,0,0,-1,3,0,0,0,1.0,1,0,0.0
371,5,2,15,1,0,0,-1,16,0,0,0,5.0,2,0,0.0
372,1,2,4,1,0,0,-1,5,0,0,0,0.2,2,0,0.0
373,7,2,21,1,0,0,-1,22,1,0,0,7.0,2,0,0.0
374,1,1,1,1,0,0,-1,2,2,0,0,0.14285714285714285,1,0,0.0
375,3,3,11,1,0,0,-1,12,0,0,0,3.0,3,0,0.0
376,9,3,33,1,0,0,-1,34,0,0,0,3.0,3,0,0.0
377,3,2,10,1,0,0,-1,11,0,0,0,0.3333333333333333,2,0,0.0
378,7,3,25,1,0,1,-1,26,0,0,0,2.3333333333333335,3,0,0.0
379,1,1,2,1,0,0,-1,3,0,0,0,0.14285714285714285,1,0,0.0
380,3,2,9,1,0,0,-1,10,0,0,0,3.0,2,0,0.0
381,2,2,7,1,0,0,-1,8,0,0,0,0.6666666666666666,2,0,0.0
382,3,5,20,1,0,0,-1,21,0,0,0,1.5,5,0,0.0
383,3,2,9,1,0,0,-1,10,0,0,0,1.0,2,0,0.0
384,8,3,25,2,0,1,-1,27,0,0,0,2.6666666666666665,3,0,0.0
385,1,0,0,0,0,0,-1,0,0,0,0,0.125,0,0,0.0
386,4,2,10,1,0,1,-1,11,0,0,0,4.0,2,0,0.0
387,16,3,60,1,0,1,0,61,0,0,0,4.0,3,0,0.0
388,15,3,58,1,0,0,-1,59,1,0,0,0.9375,3,0,0.0
389,5,3,14,4,0,0,-1,18,0,0,0,0.3333333333333333,3,0,0.0
390,1,1,0,2,0,0,-1,2,0,0,0,0.2,1,0,0.0
391,5,3,22,1,0,0,-1,23,0,0,0,5.0,3,0,0.0
392,5,3,18,1,0,0,-1,19,0,0,0,1.0,3,0,0.0
393,1,0,0,0,5,0,-1,0,0,0,0,0.2,0,0,0.0
394,1,0,0,0,3,0,-1,0,0,0,0,1.0,0,0,0.0
395,4,2,13,1,0,0,-1,14,0,0,0,4.0,2,0,0.0
396,4,3,16,1,0,0,-1,17,0,0,0,1.0,3,0,0.0
397,1,1,2,1,0,0,-1,3,0,0,0,0.25,1,0,0.0
398,8,2,25,1,0,1,-1,26,1,0,0,8.0,2,0,0.0
399,4,2,10,1,0,0,-1,11,0,0,0,0.5,2,0,0.0
400,1,0,0,0,3,0,-1,0,0,0,0,0.25,0,0,0.0
401,5,3,21,1,0,0,-1,22,0,0,0,5.0,3,0,0.0
402,3,2,8,1,0,0,-1,9,0,0,0,0.6,2,0,0.0
403,7,3,26,1,0,0,-1,27,0,0,0,2.3333333333333335,3,0,0.0
404,6,3,21,1,0,0,-1,22,1,0,0,0.8571428571428571,3,0,0.0
405,10,4,43,1,0,1,-1,44,0,0,0,1.6666666666666667,4,0,0.0
406,8,4,35,1,0,0,-1,36,0,0,0,0.8,4,0,0.0
407,1,0,0,0,4,0,-1,0,0,0,0,0.125,0,0,0.0
408,3,2,7,2,0,0,-1,9,0,0,0,3.0,2,0,0.0
409,10,4,43,1,0,0,0,44,0,0,0,3.3333333333333335,4,0,0.0
410,3,3,11,1,0,0,-1,12,0,0,0,0.3,3,0,0.0
411,2,3,9,1,0,0,-1,10,0,0,0,0.6666666666666666,3,0,0.0
412,10,3,35,2,0,0,-1,37,0,0,0,5.0,3,0,0.0
413,2,2,6,1,0,0,0,7,0,0,0,0.2,2,0,0.0
414,7,3,24,1,0,0,-1,25,0,0,0,3.5,3,0,0.0
415,4,3,15,1,0,0,-1,16,1,0,0,0.5714285714285714,3,0,0.0
416,2,3,8,1,0,0,-1,9,0,0,0,0.5,3,0,0.0
417,2,2,5,1,0,0,-1,6,0,0,0,1.0,2,0,0.0
418,1,2,4,1,0,0,-1,5,0,0,0,0.5,2,0,0.0
419,4,3,14,1,0,1,-1,15,0,0,0,4.0,3,0,0.0
420,6,2,17,1,0,0,-1,18,1,0,0,1.5,2,0,0.0
421,4,2,10,1,0,1,-1,11,1,0,0,0.6666666666666666,2,0,0.0
422,2,2,5,1,0,0,-1,6,0,0,0,0.5,2,0,0.0
423,6,2,19,1,0,0,-1,20,0,0,0,3.0,2,0,0.0
424,1,4,8,1,0,0,-1,9,0,0,0,0.16666666666666666,4,0,0.0
425,12,3,40,2,0,1,-1,42,1,0,0,12.0,3,0,0.0
426,7,3,23,1,0,1,-1,24,0,0,0,0.5833333333333334,3,0,0.0
427,13,3,46,3,0,1,-1,49,0,0,0,1.8571428571428572,3,0,0.0
428,4,3,16,1,0,0,-1,17,1,0,0,0.3076923076923077,3,0,0.0
429,5,2,12,1,0,0,-1,13,0,0,0,1.25,2,0,0.0
430,9,3,29,2,0,1,1,31,1,0,0,1.8,3,0,0.0
431,2,3,9,1,0,0,-1,10,0,0,0,0.2222222222222222,3,0,0.0
432,3,1,5,1,0,0,1,6,0,0,0,1.5,1,0,0.0
433,2,1,5,0,0,0,-1,5,0,0,0,0.6666666666666666,1,0,0.0
434,4,1,8,1,0,0,-1,9,0,0,0,2.0,1,0,0.0
435,7,3,25,1,0,0,-1,26,0,0,0,1.75,3,0,0.0
436,2,3,9,1,0,0,-1,10,0,0,0,0.2857142857142857,3,0,0.0
437,1,0,0,0,5,0,-1,0,0,0,0,0.5,0,0,0.0
438,1,1,2,1,0,0,-1,3,0,0,0,1.0,1,0,0.0
439,1,1,2,1,0,0,-1,3,0,0,0,1.0,1,0,0.0
440,4,2,9,1,0,0,-1,10,0,0,0,4.0,2,0,0.0
441,3,1,6,1,0,2,-1,7,0,0,0,0.75,1,0,0.0
442,3,2,9,1,0,0,-1,10,2,0,0,1.0,2,0,0.0
443,2,2,7,1,0,0,-1,8,0,0,0,0.6666666666666666,2,0,0.0
444,6,3,20,1,0,0,-1,21,0,0,0,3.0,3,0,0.0
445,7,2,22,1,0,0,-1,23,0,0,0,1.1666666666666667,2,0,0.0
446,1,2,4,1,0,0,-1,5,0,0,0,0.14285714285714285,2,0,0.0
447,1,3,5,1,0,0,-1,6,0,0,0,1.0,3,0,0.0
448,3,2,9,1,0,0,-1,10,1,0,0,3.0,2,0,0.0
449,3,3,12,1,0,0,-1,13,0,0,0,1.0,3,0,0.0
450,7,3,22,2,0,0,-1,24,0,0,0,2.3333333333333335,3,0,0.0
451,3,3,11,1,0,0,-1,12,0,0,0,0.42857142857142855,3,0,0.0
452,4,2,9,1,0,1,-1,10,1,0,0,1.3333333333333333,2,0,0.0
453,4,3,17,1,0,0,-1,18,0,0,0,1.0,3,0,0.0
454,5,2,15,1,0,0,-1,16,1,0,0,1.25,2,0,0.0
455,4,3,14,1,0,0,-1,15,0,0,0,0.8,3,0,0.0
456,3,3,12,1,0,0,-1,13,0,0,0,0.75,3,0,0.0
457,1,1,2,1,0,0,-1,3,0,0,0,0.3333333333333333,1,0,0.0
458,4,3,15,1,0,0,-1,16,1,0,0,4.0,3,0,0.0
459,4,3,17,1,0,0,-1,18,0,0,0,1.0,3,0,0.0
460,3,2,10,1,0,0,-1,11,1,0,0,0.75,2,0,0.0
461,6,3,22,1,0,0,-1,23,0,0,0,2.0,3,0,0.0
462,6,3,21,1,6,0,-1,22,0,0,0,1.0,3,0,0.0
463,5,3,21,1,0,0,-1,22,0,0,0,0.8333333333333334,3,0,0.0
464,2,5,14,1,0,0,-1,15,0,0,0,0.4,5,0,0.0
465,6,3,20,2,0,0,-1,22,0,0,0,3.0,3,0,0.0
466,5,3,20,1,0,0,-1,21,0,0,0,0.8333333333333334,3,0,0.0
467,4,2,13,1,0,0,-1,14,0,0,0,0.8,2,0,0.0
468,7,3,25,1,0,0,-1,26,1,0,0,1.75,3,0,0.0
469,4,3,15,1,0,0,-1,16,0,0,0,0.5714285714285714,3,0,0.0
470,9,3,30,1,0,0,-1,31,0,0,0,2.25,3,0,0.0
471,1,3,5,1,0,0,-1,6,0,0,0,0.1111111111111111,3,0,0.0
472,4,4,18,2,0,0,0,20,0,0,0,4.0,4,0,0.0
473,3,5,22,1,0,0,1,23,0,0,0,0.75,5,0,0.0
474,4,2,11,3,0,0,-1,14,0,0,0,1.3333333333333333,2,0,0.0
475,1,1,2,1,0,0,-1,3,0,0,0,0.25,1,0,0.0
476,5,2,16,1,0,0,-1,17,0,0,0,5.0,2,0,0.0
477,4,2,10,1,0,1,-1,11,0,0,0,0.8,2,0,0.0
478,3,2,9,1,0,0,-1,10,0,0,0,0.75,2,0,0.0
479,4,3,14,1,0,0,-1,15,0,0,0,1.3333333333333333,3,0,0.0
480,4,3,15,1,0,0,-1,16,0,0,0,1.0,3,0,0.0
481,2,3,9,1,0,0,-1,10,0,0,0,0.5,3,0,0.0
482,2,2,7,1,0,0,-1,8,0,0,0,1.0,2,0,0.0
483,1,3,6,1,0,0,-1,7,0,0,0,0.5,3,0,0.0
484,8,3,30,1,0,0,-1,31,0,0,0,8.0,3,0,0.0
485,3,2,8,1,0,0,-1,9,0,0,0,0.375,2,0,0.0
486,3,3,12,1,0,0,-1,13,0,0,0,1.0,3,0,0.0
487,3,3,13,1,0,0,-1,14,0,0,0,1.0,3,0,0.0
488,1,2,3,1,0,0,-1,4,0,0,0,0.3333333333333333,2,0,0.0
489,3,2,7,1,0,0,-1,8,0,0,0,3.0,2,0,0.0
490,5,2,15,1,0,0,-1,16,0,0,0,1.6666666666666667,2,0,0.0
491,1,3,5,1,0,0,-1,6,0,0,0,0.2,3,0,0.0
492,9,3,37,2,0,0,-1,39,0,0,0,9.0,3,0,0.0
493,3,2,10,1,0,0,-1,11,0,0,0,0.3333333333333333,2,0,0.0
494,6,3,24,2,0,0,-1,26,0,0,0,2.0,3,0,0.0
495,5,1,9,1,0,4,-1,10,0,0,0,0.8333333333333334,1,0,0.0
496,1,0,0,0,3,0,-1,0,0,0,0,0.2,0,0,0.0
497,2,2,6,1,0,0,-1,7,0,0,0,2.0,2,0,0.0
498,5,3,16,2,0,0,-1,18,0,0,0,2.5,3,0,0.0
499,7,3,25,1,0,0,-1,26,0,0,0,1.4,3,0,0.0
500,5,2,15,1,0,0,-1,16,1,0,0,0.7142857142857143,2,0,0.0
501,4,4,21,1,0,1,0,22,0,0,0,0.8,4,0,0.0
502,1,0,0,0,5,0,-1,0,0,0,0,0.25,0,0,0.0
503,2,2,7,1,0,0,-1,8,0,0,0,2.0,2,0,0.0
504,6,3,20,1,0,0,-1,21,0,1,0,3.0,3,0,0.0
505,12,3,43,1,0,2,-1,44,2,0,0,2.0,3,0,0.0
506,5,3,19,1,0,0,-1,20,0,0,0,0.4166666666666667,3,0,0.0
507,3,5,21,1,0,1,-1,22,0,0,0,0.6,5,0,0.0
508,1,2,4,1,0,0,-1,5,0,1,0,0.3333333333333333,2,0,0.0
509,1,1,2,1,0,0,-1,3,0,0,0,1.0,1,0,0.0
510,9,3,29,1,0,0,-1,30,0,0,0,9.0,3,0,0.0
511,9,3,31,1,0,0,-1,32,0,0,0,1.0,3,0,0.0
512,1,2,4,1,0,0,-1,5,0,0,0,0.1111111111111111,2,0,0.0
513,3,4,15,1,0,0,-1,16,0,0,0,3.0,4,0,0.0
514,3,2,10,1,0,0,-1,11,0,0,0,1.0,2,0,0.0
515,3,2,9,1,0,0,-1,10,0,0,0,1.0,2,0,0.0
516,1,1,2,1,0,0,-1,3,0,0,0,0.3333333333333333,1,0,0.0
517,2,2,7,1,0,0,-1,8,0,0,0,2.0,2,0,0.0
518,4,4,20,1,0,0,-1,21,0,0,0,2.0,4,0,0.0
519,2,1,4,1,0,0,-1,5,1,0,0,0.5,1,0,0.0
520,5,4,24,1,0,0,-1,25,0,0,0,2.5,4,0,0.0
521,9,3,32,1,0,0,-1,33,0,0,0,1.8,3,0,0.0
522,6,2,18,2,0,1,-1,20,0,0,0,0.6666666666666666,2,0,0.0
523,2,2,7,1,0,0,-1,8,0,0,0,0.3333333333333333,2,0,0.0
524,9,2,28,1,0,1,-1,29,0,0,0,4.5,2,0,0.0
525,2,3,9,1,0,0,-1,10,0,0,0,0.2222222222222222,3,0,0.0
526,5,1,9,1,0,4,-1,10,0,0,0,2.5,1,0,0.0
527,6,3,25,1,0,0,-1,26,0,0,0,1.2,3,0,0.0
528,4,3,17,1,0,0,-1,18,0,0,0,0.6666666666666666,3,0,0.0
529,1,1,2,1,0,0,-1,3,0,0,0,0.25,1,0,0.0
530,4,2,12,1,0,0,-1,13,0,0,0,4.0,2,0,0.0
531,7,2,21,2,0,1,-1,23,0,0,0,1.75,2,0,0.0
532,4,2,11,1,0,1,-1,12,1,0,0,0.5714285714285714,2,0,0.0
533,4,2,12,1,0,0,-1,13,0,0,0,1.0,2,0,0.0
534,3,3,11,1,0,0,-1,12,0,0,0,0.75,3,0,0.0
535,3,3,13,1,0,0,-1,14,0,0,0,1.0,3,0,0.0
536,5,2,14,1,0,0,-1,15,0,0,0,1.6666666666666667,2,0,0.0
537,1,1,2,1,0,0,-1,3,0,0,0,0.2,1,0,0.0
538,3,2,10,1,0,0,-1,11,0,0,0,3.0,2,0,0.0
539,3,2,7,1,0,0,-1,8,0,0,0,1.0,2,0,0.0
540,2,2,6,1,0,0,-1,7,0,0,0,0.6666666666666666,2,0,0.0
541,3,1,5,1,0,0,-1,6,1,0,0,1.5,1,0,0.0
542,1,2,3,1,0,0,-1,4,0,0,0,0.3333333333333333,2,0,0.0
543,5,2,16,1,0,1,-1,17,1,0,0,5.0,2,0,0.0
544,6,2,17,1,0,0,-1,18,0,0,0,1.2,2,0,0.0
545,2,2,6,1,0,0,-1,7,0,0,0,0.3333333333333333,2,0,0.0
546,7,3,26,1,0,3,0,27,0,0,0,3.5,3,0,0.0
547,3,3,11,1,0,0,-1,12,0,0,0,0.42857142857142855,3,0,0.0
548,9,4,41,1,0,0,0,42,0,0,0,3.0,4,0,0.0
549,6,3,26,1,0,0,-1,27,0,0,0,0.6666666666666666,3,0,0.0
550,5,3,17,1,0,0,-1,18,0,0,0,0.8333333333333334,3,0,0.0
551,1,2,4,1,0,0,-1,5,0,0,0,0.2,2,0,0.0
552,5,3,17,1,0,0,-1,18,0,0,0,5.0,3,0,0.0
553,8,4,39,1,0,0,-1,40,0,0,0,1.6,4,0,0.0
554,1,0,0,0,5,0,-1,0,0,0,0,0.125,0,0,0.0
555,1,4,7,1,0,0,-1,8,0,0,0,1.0,4,0,0.0
556,4,3,14,1,0,0,-1,15,0,0,0,4.0,3,0,0.0
557,10,3,39,1,0,1,-1,40,0,0,0,2.5,3,0,0.0
558,1,0,0,0,4,0,-1,0,0,0,0,0.1,0,0,0.0
559,4,2,10,1,0,1,-1,11,0,0,0,4.0,2,0,0.0
560,8,3,32,1,0,1,-1,33,0,0,0,2.0,3,0,0.0
561,1,0,0,0,0,0,-1,0,0,0,0,0.125,0,0,0.0
562,4,3,17,1,0,0,-1,18,0,0,0,4.0,3,0,0.0
563,1,0,0,0,4,0,-1,0,0,0,0,0.25,0,0,0.0
564,3,2,8,1,0,0,-1,9,0,0,0,3.0,2,0,0.0
565,4,2,13,1,0,0,-1,14,0,0,0,1.3333333333333333,2,0,0.0
566,9,2,27,2,0,0,-1,29,1,0,0,2.25,2,0,0.0
567,8,3,30,1,0,0,-1,31,0,0,0,0.8888888888888888,3,0,0.0
568,5,3,22,1,0,0,-1,23,1,0,0,0.625,3,0,0.0
569,10,3,34,1,0,1,-1,35,0,0,0,2.0,3,0,0.0
570,10,3,33,1,0,0,-1,34,0,0,0,1.0,3,0,0.0
571,7,3,24,1,0,1,-1,25,1,0,0,0.7,3,0,0.0
572,7,3,26,1,0,0,-1,27,0,0,0,1.0,3,0,0.0
573,1,2,4,1,0,0,-1,5,0,0,0,0.14285714285714285,2,0,0.0
574,3,2,10,1,0,0,-1,11,0,0,0,3.0,2,0,0.0
575,5,3,17,2,0,0,-1,19,0,0,0,1.6666666666666667,3,0,0.0
576,5,2,15,1,0,2,-1,16,0,0,0,1.0,2,0,0.0
577,2,2,7,0,0,0,0,7,0,0,0,0.4,2,0,0.0
578,5,3,17,1,0,1,-1,18,1,0,0,2.5,3,0,0.0
579,4,1,8,1,0,1,-1,9,1,0,0,0.8,1,0,0.0
580,6,2,16,1,0,0,-1,17,1,0,0,1.5,2,0,0.0
581,2,3,9,1,0,0,-1,10,0,0,0,0.3333333333333333,3,0,0.0
582,1,4,8,1,0,0,-1,9,0,0,0,0.5,4,0,0.0
583,3,2,10,1,0,0,-1,11,0,0,0,3.0,2,0,0.0
584,10,2,31,1,0,0,-1,32,1,0,0,3.3333333333333335,2,0,0.0
585,3,3,12,0,0,0,1,12,1,0,0,0.3,3,0,0.0
586,2,2,5,1,0,0,-1,6,0,0,0,0.6666666666666666,2,0,0.0
587,1,1,1,1,0,0,-1,2,2,0,0,0.5,1,0,0.0
588,1,1,1,1,0,0,-1,2,2,0,0,1.0,1,0,0.0
589,3,2,9,1,0,0,-1,10,0,0,0,3.0,2,0,0.0
590,1,4,8,1,0,0,-1,9,0,0,0,0.3333333333333333,4,0,0.0
591,10,3,35,1,0,1,-1,36,0,0,0,10.0,3,0,0.0
592,10,2,28,4,0,1,1,32,0,0,0,1.0,2,0,0.0
593,1,2,4,1,0,0,-1,5,0,0,0,0.1,2,0,0.0
594,7,2,18,2,0,0,1,20,0,0,0,7.0,2,0,0.0
595,1,1,2,1,0,0,-1,3,0,0,0,0.14285714285714285,1,0,0.0
596,1,1,2,1,0,0,-1,3,0,0,0,1.0,1,0,0.0
597,2,2,6,1,0,0,-1,7,0,0,0,2.0,2,0,0.0
598,3,2,9,1,0,0,-1,10,0,0,0,1.5,2,0,0.0
599,1,1,2,1,0,0,-1,3,0,0,0,0.3333333333333333,1,0,0.0
600,10,3,30,7,0,0,-1,37,3,0,0,10.0,3,0,0.0
601,8,3,29,1,0,0,1,30,0,0,0,0.8,3,0,0.0
602,10,3,37,1,0,2,-1,38,0,0,0,1.25,3,0,0.0
603,5,3,19,1,0,0,-1,20,0,0,0,0.5,3,0,0.0
604,1,0,0,0,4,0,-1,0,0,0,0,0.2,0,0,0.0
605,6,2,18,2,0,1,-1,20,0,0,0,6.0,2,0,0.0
606,15,3,61,1,0,1,-1,62,0,0,0,2.5,3,0,0.0
607,6,2,16,1,0,0,3,17,1,1,0,0.4,2,0,0.0
608,1,3,6,1,0,0,-1,7,0,0,0,0.16666666666666666,3,0,0.0
609,3,1,5,1,0,0,-1,6,0,0,0,3.0,1,0,0.0
610,5,3,19,1,0,0,-1,20,0,0,0,1.6666666666666667,3,0,0.0
611,8,2,25,1,0,0,-1,26,0,0,0,1.6,2,0,0.0
612,1,1,2,1,0,0,-1,3,0,0,0,0.125,1,0,0.0
613,1,1,2,1,0,0,-1,3,0,0,0,1.0,1,0,0.0
614,1,2,3,1,0,0,-1,4,0,0,0,1.0,2,0,0.0
615,10,3,34,5,0,0,-1,39,4,0,0,10.0,3,0,0.0
616,3,1,6,0,0,0,0,6,0,0,0,0.3,1,0,0.0
617,11,4,56,2,0,1,0,58,0,0,0,3.6666666666666665,4,0,0.0
618,5,3,20,1,0,0,-1,21,0,0,0,0.45454545454545453,3,0,0.0
619,7,3,27,1,0,1,-1,28,0,0,0,1.4,3,0,0.0
620,3,3,11,1,0,0,-1,12,0,0,0,0.42857142857142855,3,0,0.0
621,7,4,31,1,0,0,-1,32,0,0,0,2.3333333333333335,4,0,0.0
622,2,3,8,1,0,0,-1,9,0,0,0,0.2857142857142857,3,0,0.0
623,4,2,13,1,0,0,-1,14,0,0,0,2.0,2,0,0.0
624,4,2,10,1,0,0,-1,11,0,0,0,1.0,2,0,0.0
625,3,3,12,1,0,0,-1,13,0,0,0,0.75,3,0,0.0
626,2,3,8,1,0,0,-1,9,0,0,0,0.6666666666666666,3,0,0.0
627,1,1,2,1,0,0,-1,3,0,0,0,0.5,1,0,0.0
628,3,3,12,1,0,0,-1,13,0,0,0,3.0,3,0,0.0
629,7,3,24,1,0,1,-1,25,1,0,0,2.3333333333333335,3,0,0.0
630,5,3,18,2,0,0,-1,20,0,0,0,0.7142857142857143,3,0,0.0
631,10,4,42,2,0,0,1,44,0,0,0,2.0,4,0,0.0
632,6,3,20,1,0,0,-1,21,0,0,0,0.6,3,0,0.0
633,2,4,12,0,0,0,1,12,0,0,0,0.3333333333333333,4,1,0.0
634,4,3,18,1,0,0,-1,19,0,0,0,2.0,3,0,0.0
635,2,4,12,0,0,0,1,12,0,0,0,0.5,4,1,0.0
636,17,3,61,1,0,0,2,62,0,0,0,8.5,3,0,0.0
637,2,4,12,0,0,0,1,12,0,0,0,0.11764705882352941,4,1,0.0
638,6,3,21,1,0,0,-1,22,0,0,0,3.0,3,0,0.0
639,4,2,10,1,0,0,-1,11,0,0,0,0.6666666666666666,2,0,0.0
640,6,3,22,1,0,0,-1,23,0,0,0,1.5,3,0,0.0
641,3,3,14,1,0,0,-1,15,0,0,0,0.5,3,0,0.0
642,8,3,30,1,0,0,-1,31,0,0,0,2.6666666666666665,3,0,0.0
643,6,3,26,1,0,0,-1,27,0,0,0,0.75,3,0,0.0
644,4,4,19,1,0,0,-1,20,0,0,0,0.6666666666666666,4,0,0.0
645,4,3,15,1,0,0,-1,16,1,0,0,1.0,3,0,0.0
646,8,4,38,1,0,0,-1,39,0,0,0,2.0,4,0,0.0
647,3,3,14,1,0,0,-1,15,0,0,0,0.375,3,0,0.0
648,4,3,18,1,0,0,-1,19,1,0,0,1.3333333333333333,3,0,0.0
649,2,3,9,1,0,0,-1,10,0,0,0,0.5,3,0,0.0
650,4,3,16,1,0,0,-1,17,0,0,0,2.0,3,0,0.0
651,15,3,50,2,0,0,-1,52,2,0,0,3.75,3,0,0.0
652,6,3,21,1,0,0,-1,22,0,0,0,0.4,3,0,0.0
653,12,3,41,1,0,0,-1,42,1,0,0,2.0,3,0,0.0
654,5,3,18,2,0,0,-1,20,0,0,0,0.4166666666666667,3,0,0.0
655,5,3,17,1,0,0,-1,18,1,0,0,1.0,3,0,0.0
656,10,3,36,3,0,0,-1,39,0,0,0,2.0,3,0,0.0
657,3,3,11,1,0,0,-1,12,0,0,0,0.3,3,0,0.0
658,1,3,6,1,0,0,-1,7,0,1,0,0.3333333333333333,3,0,0.0
659,1,4,7,1,0,0,-1,8,0,0,0,1.0,4,0,0.0
660,4,3,15,1,0,0,-1,16,0,0,0,4.0,3,0,0.0
661,4,3,14,1,0,0,-1,15,0,0,0,1.0,3,0,0.0
662,3,2,9,1,0,0,-1,10,0,0,0,0.75,2,0,0.0
663,10,2,31,1,0,1,0,32,0,0,0,3.3333333333333335,2,0,0.0
664,5,3,17,2,0,0,-1,19,0,0,0,0.5,3,0,0.0
665,6,3,22,1,0,0,-1,23,0,0,0,1.2,3,0,0.0
666,8,3,29,1,0,0,-1,30,0,0,0,1.3333333333333333,3,0,0.0
667,1,2,3,1,0,0,-1,4,0,1,0,0.125,2,0,0.0
668,2,2,5,1,0,0,-1,6,0,0,0,2.0,2,0,0.0
669,5,3,20,1,0,0,-1,21,0,0,0,2.5,3,0,0.0
670,12,3,39,1,0,0,-1,40,0,0,0,2.4,3,0,0.0
671,11,3,37,1,0,1,-1,38,0,0,0,0.9166666666666666,3,0,0.0
672,1,1,2,1,0,0,-1,3,0,0,0,0.09090909090909091,1,0,0.0
673,9,2,28,1,0,0,-1,29,0,0,0,9.0,2,0,0.0
674,12,2,34,1,0,1,-1,35,0,0,0,1.3333333333333333,2,0,0.0
675,2,3,8,1,0,0,-1,9,0,0,0,0.16666666666666666,3,0,0.0
676,4,3,15,1,0,0,-1,16,1,0,0,2.0,3,0,0.0
677,4,2,9,1,0,1,-1,10,1,0,0,1.0,2,0,0.0
678,4,2,13,1,0,0,-1,14,0,0,0,1.0,2,0,0.0
679,8,3,30,1,0,0,-1,31,0,0,0,2.0,3,0,0.0
680,6,3,21,1,0,0,-1,22,1,0,0,0.75,3,0,0.0
681,2,4,12,1,0,0,-1,13,0,0,0,0.3333333333333333,4,0,0.0
682,8,2,24,1,0,0,-1,25,0,0,0,4.0,2,0,0.0
683,7,3,26,1,0,0,-1,27,0,0,0,0.875,3,0,0.0
684,5,2,12,1,0,1,-1,13,0,0,0,0.7142857142857143,2,0,0.0
685,7,2,21,1,0,1,-1,22,0,0,0,1.4,2,0,0.0
686,9,3,31,1,0,0,0,32,0,0,0,1.2857142857142858,3,0,0.0
687,6,3,21,1,0,0,-1,22,0,0,0,0.6666666666666666,3,0,0.0
688,10,3,31,3,0,2,-1,34,0,0,0,1.6666666666666667,3,0,0.0
689,3,3,13,1,0,0,-1,14,0,0,0,0.3,3,0,0.0
690,9,3,31,1,0,1,-1,32,0,0,0,3.0,3,0,0.0
691,14,3,47,4,0,0,-1,51,0,0,0,1.5555555555555556,3,0,0.0
692,7,3,21,3,0,0,-1,24,0,0,0,0.5,3,0,0.0
693,4,3,15,1,0,0,-1,16,0,0,0,0.5714285714285714,3,0,0.0
694,7,3,25,1,0,0,-1,26,0,0,0,1.75,3,0,0.0
695,4,2,13,1,0,0,-1,14,0,0,0,0.5714285714285714,2,0,0.0
696,13,3,47,1,0,2,-1,48,0,0,0,3.25,3,0,0.0
697,6,2,19,1,0,1,-1,20,0,0,0,0.46153846153846156,2,0,0.0
698,6,3,24,1,0,1,-1,25,0,0,0,1.0,3,0,0.0
699,5,2,16,1,0,0,-1,17,0,0,0,0.8333333333333334,2,0,0.0
700,3,2,9,1,0,0,-1,10,0,0,0,0.6,2,0,0.0
701,3,2,9,2,0,0,-1,11,0,0,0,1.0,2,0,0.0
702,5,2,15,1,0,2,-1,16,3,0,0,1.6666666666666667,2,0,0.0
703,5,3,19,1,0,0,-1,20,0,0,0,1.0,3,0,0.0
704,2,2,5,1,0,0,-1,6,0,0,0,0.4,2,0,0.0
705,1,1,1,1,0,0,-1,2,2,0,0,0.5,1,0,0.0
706,3,2,9,1,0,0,-1,10,0,0,0,3.0,2,0,0.0
707,3,1,6,1,0,0,-1,7,2,0,0,1.0,1,0,0.0
708,1,2,3,1,0,0,-1,4,0,0,0,0.3333333333333333,2,0,0.0
709,3,2,9,1,0,1,-1,10,0,0,0,3.0,2,0,0.0
710,3,2,9,1,0,0,-1,10,0,0,0,1.0,2,0,0.0
711,5,2,13,3,0,0,-1,16,0,0,0,1.6666666666666667,2,0,0.0
712,2,1,3,1,0,0,3,4,0,0,0,0.4,1,0,0.0
713,4,2,12,1,0,0,-1,13,0,0,0,2.0,2,0,0.0
714,3,2,8,1,0,0,-1,9,1,0,0,0.75,2,0,0.0
715,1,1,2,1,0,0,-1,3,0,0,0,0.3333333333333333,1,0,0.0
716,10,3,39,1,0,0,-1,40,0,0,0,10.0,3,0,0.0
717,6,2,19,1,0,0,-1,20,0,0,0,0.6,2,0,0.0
718,6,2,16,2,0,1,-1,18,0,0,0,1.0,2,0,0.0
719,4,2,13,1,0,0,-1,14,0,0,0,0.6666666666666666,2,0,0.0
720,4,4,19,1,0,0,-1,20,0,0,0,1.0,4,0,0.0
721,2,2,5,1,0,0,-1,6,0,0,0,0.5,2,0,0.0
722,7,3,27,2,0,0,-1,29,0,0,0,3.5,3,0,0.0
723,1,1,1,1,0,0,7,2,0,0,0,0.14285714285714285,1,0,0.0
724,5,3,21,1,0,0,0,22,0,0,0,5.0,3,0,0.0
725,7,3,23,1,0,0,-1,24,1,0,0,1.4,3,0,0.0
726,5,3,19,1,0,0,-1,20,0,0,0,0.7142857142857143,3,0,0.0
727,2,3,8,1,0,0,-1,9,0,0,0,0.4,3,0,0.0
728,1,0,0,0,1,0,-1,0,0,0,0,0.5,0,0,0.0
729,6,2,18,1,0,0,-1,19,0,0,0,6.0,2,0,0.0
730,3,3,11,1,0,0,-1,12,0,0,0,0.5,3,0,0.0
731,6,2,18,1,0,0,0,19,0,0,0,2.0,2,0,0.0
732,11,3,45,1,0,0,1,46,0,0,0,1.8333333333333333,3,0,0.0
733,1,0,0,0,0,0,3,0,0,0,0,0.09090909090909091,0,0,0.0
734,3,3,12,1,0,0,-1,13,0,0,0,3.0,3,0,0.0
735,8,2,19,1,5,1,0,20,1,0,0,2.6666666666666665,2,0,0.0
736,9,3,32,1,0,0,-1,33,0,0,0,1.125,3,0,0.0
737,5,3,22,1,0,0,-1,23,0,0,0,0.5555555555555556,3,0,0.0
738,11,3,39,3,0,1,-1,42,0,0,0,2.2,3,0,0.0
739,7,2,21,1,0,0,-1,22,0,0,0,0.6363636363636364,2,0,0.0
740,2,3,8,1,0,0,-1,9,0,0,0,0.2857142857142857,3,0,0.0
741,9,2,24,2,0,1,-1,26,0,0,0,4.5,2,0,0.0
742,7,3,27,1,0,0,-1,28,0,0,0,0.7777777777777778,3,0,0.0
743,9,4,40,1,0,0,0,41,1,0,0,1.2857142857142858,4,0,0.0
744,2,4,12,0,0,0,1,12,0,0,0,0.2222222222222222,4,1,0.0
745,2,4,12,0,0,0,1,12,0,0,0,1.0,4,1,0.0
746,2,4,12,0,0,0,1,12,0,0,0,1.0,4,1,0.0
747,6,3,23,1,0,0,-1,24,0,0,0,3.0,3,0,0.0
748,2,4,12,0,0,0,1,12,0,0,0,0.3333333333333333,4,1,0.0
749,4,3,13,2,0,0,-1,15,0,0,0,2.0,3,0,0.0
750,9,3,30,2,0,1,0,32,0,0,0,2.25,3,0,0.0
751,7,3,23,1,0,1,-1,24,1,0,0,0.7777777777777778,3,0,0.0
752,6,3,20,1,0,0,-1,21,0,0,0,0.8571428571428571,3,0,0.0
753,7,4,32,1,0,0,-1,33,0,0,0,1.1666666666666667,4,0,0.0
754,1,3,5,1,0,0,-1,6,0,0,0,0.14285714285714285,3,0,0.0
755,4,1,8,1,0,0,0,9,0,0,0,4.0,1,0,0.0
756,3,2,8,1,0,0,-1,9,0,0,0,0.75,2,0,0.0
757,6,3,23,1,0,0,-1,24,0,0,0,2.0,3,0,0.0
758,8,3,28,2,0,0,-1,30,1,0,0,1.3333333333333333,3,0,0.0
759,6,2,17,2,0,0,-1,19,1,0,0,0.75,2,0,0.0
760,3,2,8,1,0,0,-1,9,0,0,0,0.5,2,0,0.0
761,2,3,8,1,0,0,-1,9,0,0,0,0.6666666666666666,3,0,0.0
762,2,2,7,1,0,0,-1,8,0,0,0,1.0,2,0,0.0
763,3,2,8,1,0,0,-1,9,0,0,0,1.5,2,0,0.0
764,4,2,12,1,0,0,-1,13,0,0,0,1.3333333333333333,2,0,0.0
765,2,2,6,1,0,0,-1,7,0,0,0,0.5,2,0,0.0
766,5,2,14,1,0,0,-1,15,1,0,0,2.5,2,0,0.0
767,9,3,31,2,0,0,-1,33,1,0,0,1.8,3,0,0.0
768,2,2,7,1,0,1,0,8,0,0,0,0.2222222222222222,2,0,0.0
769,5,2,11,1,0,0,-1,12,0,0,0,2.5,2,0,0.0
770,2,2,6,1,0,0,-1,7,0,0,0,0.4,2,0,0.0
771,7,2,21,2,0,0,-1,23,0,0,0,3.5,2,0,0.0
772,6,4,29,1,0,0,-1,30,0,0,0,0.8571428571428571,4,0,0.0
773,3,2,9,1,0,0,-1,10,2,0,0,0.5,2,0,0.0
774,2,2,5,1,0,0,-1,6,0,0,0,0.6666666666666666,2,0,0.0
775,5,2,15,1,0,0,-1,16,0,0,0,2.5,2,0,0.0
776,1,1,1,1,0,0,-1,2,2,0,0,0.2,1,0,0.0
777,6,3,24,1,0,0,-1,25,0,0,0,6.0,3,0,0.0
778,5,2,15,1,0,0,-1,16,0,0,0,0.8333333333333334,2,0,0.0
779,6,3,20,1,0,0,-1,21,0,0,0,1.2,3,0,0.0
780,4,3,17,1,0,0,-1,18,0,0,0,0.6666666666666666,3,0,0.0
781,5,3,20,1,0,1,-1,21,1,0,0,1.25,3,0,0.0
782,5,3,16,2,0,0,-1,18,0,0,0,1.0,3,0,0.0
783,9,3,29,1,0,1,-1,30,3,0,0,1.8,3,0,0.0
784,1,2,3,1,0,0,-1,4,3,0,0,0.1111111111111111,2,0,0.0
785,2,2,6,1,0,0,-1,7,0,0,0,2.0,2,0,0.0
786,2,1,4,1,0,0,-1,5,0,0,0,1.0,1,0,0.0
787,5,2,14,1,0,0,-1,15,1,0,0,2.5,2,0,0.0
788,7,3,23,1,0,0,-1,24,1,0,0,1.4,3,0,0.0
789,1,3,6,1,0,0,-1,7,0,0,0,0.14285714285714285,3,0,0.0
790,3,2,8,1,0,0,-1,9,0,0,0,3.0,2,0,0.0
791,3,3,12,2,0,0,-1,14,0,0,0,1.0,3,0,0.0
792,8,3,34,1,0,0,-1,35,0,0,0,2.6666666666666665,3,0,0.0
793,8,3,32,1,0,0,-1,33,0,0,0,1.0,3,0,0.0
794,5,4,23,1,0,0,-1,24,0,0,0,0.625,4,0,0.0
795,5,3,17,1,0,1,-1,18,0,0,0,1.0,3,0,0.0
796,9,3,31,1,0,0,-1,32,1,0,0,1.8,3,0,0.0
797,4,1,8,1,0,1,0,9,0,0,0,0.4444444444444444,1,0,0.0
798,3,3,12,1,0,0,1,13,0,0,0,0.75,3,0,0.0
799,5,2,12,2,0,0,-1,14,0,0,0,1.6666666666666667,2,0,0.0
800,18,3,63,2,0,1,-1,65,1,0,0,3.6,3,0,0.0
801,1,0,0,0,4,0,-1,0,0,0,0,0.05555555555555555,0,0,0.0
802,6,2,19,1,0,0,-1,20,1,0,0,6.0,2,0,0.0
803,5,2,13,1,0,0,-1,14,0,0,0,0.8333333333333334,2,0,0.0
804,4,2,12,1,0,0,-1,13,0,0,0,0.8,2,0,0.0
805,4,3,15,1,0,0,-1,16,0,0,0,1.0,3,0,0.0
806,1,0,0,0,0,0,1,0,0,0,0,0.25,0,0,0.0
807,6,2,18,1,0,0,1,19,0,0,0,6.0,2,0,0.0
808,8,2,20,1,0,0,-1,21,0,0,0,1.3333333333333333,2,0,0.0
809,8,2,22,2,0,1,-1,24,0,0,0,1.0,2,0,0.0
810,5,3,17,1,0,0,-1,18,0,0,0,0.625,3,0,0.0
811,1,3,5,1,0,0,-1,6,0,0,0,0.2,3,0,0.0
812,8,3,26,1,0,2,-1,27,2,0,0,8.0,3,0,0.0
813,7,3,23,1,0,1,-1,24,1,0,0,0.875,3,0,0.0
814,12,3,45,1,0,1,-1,46,1,0,0,1.7142857142857142,3,0,0.0
815,5,2,14,1,0,0,-1,15,0,0,0,0.4166666666666667,2,0,0.0
816,1,0,0,0,0,0,2,0,0,1,0,0.2,0,0,0.0
817,1,4,8,1,0,0,-1,9,0,0,0,1.0,4,0,0.0
818,4,2,12,1,0,0,-1,13,0,0,0,4.0,2,0,0.0
819,2,2,6,1,0,0,-1,7,0,0,0,0.5,2,0,0.0
820,3,2,8,1,0,1,-1,9,1,0,0,1.5,2,0,0.0
821,7,2,19,1,0,0,-1,20,0,0,0,2.3333333333333335,2,0,0.0
822,9,3,34,1,0,0,-1,35,0,0,0,1.2857142857142858,3,0,0.0
823,1,0,0,0,0,0,2,0,0,1,0,0.1111111111111111,0,0,0.0
824,18,3,58,1,0,0,0,59,0,0,0,18.0,3,0,0.0
825,6,3,22,1,0,0,-1,23,0,0,0,0.3333333333333333,3,0,0.0
826,1,5,10,1,0,0,-1,11,0,0,0,0.16666666666666666,5,0,0.0
827,4,2,12,1,0,0,-1,13,0,0,0,4.0,2,0,0.0
828,7,2,21,1,0,1,-1,22,0,0,0,1.75,2,0,0.0
829,6,3,20,1,0,0,-1,21,0,0,0,0.8571428571428571,3,0,0.0
830,5,3,19,1,0,0,-1,20,0,0,0,0.8333333333333334,3,0,0.0
831,14,3,48,1,0,1,0,49,0,0,0,2.8,3,0,0.0
832,9,3,30,1,0,1,-1,31,0,0,0,0.6428571428571429,3,0,0.0
833,6,3,23,1,0,0,-1,24,0,0,0,0.6666666666666666,3,0,0.0
834,7,2,22,1,0,0,-1,23,0,0,0,1.1666666666666667,2,0,0.0
835,13,3,44,1,0,0,-1,45,0,0,0,1.8571428571428572,3,0,0.0
836,14,3,52,1,0,0,-1,53,2,0,0,1.0769230769230769,3,0,0.0
837,8,3,33,1,0,0,-1,34,1,0,0,0.5714285714285714,3,0,0.0
838,7,3,23,1,0,1,1,24,0,0,0,0.875,3,0,0.0
839,1,2,3,1,0,0,-1,4,0,0,0,0.14285714285714285,2,0,0.0
840,5,4,24,1,0,0,-1,25,0,0,0,5.0,4,0,0.0
841,5,3,18,1,0,0,-1,19,0,0,0,1.0,3,0,0.0
842,7,3,22,2,0,0,-1,24,0,0,0,1.4,3,0,0.0
843,1,2,3,1,0,0,-1,4,0,0,0,0.14285714285714285,2,0,0.0
844,4,2,11,1,0,0,-1,12,0,0,0,4.0,2,0,0.0
845,5,2,15,1,0,0,-1,16,0,0,0,1.25,2,0,0.0
846,3,3,11,1,0,0,-1,12,0,0,0,0.6,3,0,0.0
847,6,2,17,1,0,0,-1,18,1,0,0,2.0,2,0,0.0
848,11,3,35,3,0,0,-1,38,1,0,0,1.8333333333333333,3,0,0.0
849,9,3,35,2,0,0,-1,37,0,0,0,0.8181818181818182,3,0,0.0
850,9,3,32,1,0,0,-1,33,0,0,0,1.0,3,0,0.0
851,1,2,4,1,0,0,-1,5,0,0,0,0.1111111111111111,2,0,0.0
852,3,2,7,2,0,0,-1,9,0,0,0,3.0,2,0,0.0
853,6,2,17,1,0,0,4,18,0,0,0,2.0,2,0,0.0
854,2,2,6,1,0,0,-1,7,0,0,0,0.3333333333333333,2,0,0.0
855,6,2,14,1,0,0,-1,15,1,0,0,3.0,2,0,0.0
856,7,3,25,1,0,0,-1,26,0,0,0,1.1666666666666667,3,0,0.0
857,1,0,0,0,0,0,-1,0,0,0,0,0.14285714285714285,0,0,0.0
858,1,0,0,0,0,0,-1,0,0,0,0,1.0,0,0,0.0
859,3,2,9,1,0,0,-1,10,0,0,0,3.0,2,0,0.0
860,7,4,34,1,0,0,-1,35,0,0,0,2.3333333333333335,4,0,0.0
861,3,1,6,0,0,0,4,6,1,0,0,0.42857142857142855,1,0,0.0
862,6,3,21,1,0,0,0,22,0,0,0,2.0,3,0,0.0
863,1,0,0,0,0,0,-1,0,0,0,0,0.16666666666666666,0,0,0.0
864,5,3,17,1,0,1,-1,18,0,0,0,5.0,3,0,0.0
865,1,0,0,0,0,0,-1,0,0,0,0,0.2,0,0,0.0
866,6,2,19,1,0,0,-1,20,0,0,0,6.0,2,0,0.0
867,2,3,9,1,0,0,-1,10,0,0,0,0.3333333333333333,3,0,0.0
868,5,3,18,2,0,0,-1,20,0,0,0,2.5,3,0,0.0
869,6,3,21,1,0,0,-1,22,1,0,0,1.2,3,0,0.0
870,8,2,25,1,0,1,-1,26,1,0,0,1.3333333333333333,2,0,0.0
871,3,3,14,1,0,0,-1,15,0,0,0,0.375,3,0,0.0
872,23,3,70,3,0,0,0,73,2,0,0,7.666666666666667,3,0,0.0
873,12,2,37,1,0,4,2,38,0,0,0,0.5217391304347826,2,0,0.0
874,3,2,10,1,0,0,-1,11,0,0,0,0.25,2,0,0.0
875,3,3,12,1,0,1,-1,13,1,0,0,1.0,3,0,0.0
876,6,3,24,1,0,1,-1,25,0,0,0,2.0,3,0,0.0
877,4,3,17,1,0,0,-1,18,0,0,0,0.6666666666666666,3,0,0.0
878,1,2,3,1,0,0,-1,4,0,1,0,0.25,2,0,0.0
879,4,2,11,2,0,0,-1,13,0,0,0,4.0,2,0,0.0
880,2,2,6,1,0,0,-1,7,0,0,0,0.5,2,0,0.0
881,2,2,6,1,0,0,-1,7,0,0,0,1.0,2,0,0.0
882,8,2,21,3,0,0,-1,24,0,0,0,4.0,2,0,0.0
883,4,3,14,2,0,0,-1,16,0,0,0,0.5,3,0,0.0
884,2,1,4,1,0,1,-1,5,0,0,0,0.5,1,0,0.0
885,11,3,41,1,0,1,-1,42,1,0,0,5.5,3,0,0.0
886,4,3,14,2,0,0,-1,16,0,0,0,0.36363636363636365,3,0,0.0
887,6,2,18,1,0,0,-1,19,0,0,0,1.5,2,0,0.0
888,3,2,7,1,0,0,-1,8,0,0,0,0.5,2,0,0.0
889,4,2,11,1,0,0,-1,12,0,0,0,1.3333333333333333,2,0,0.0
890,2,2,7,1,0,1,-1,8,0,0,0,0.5,2,0,0.0
891,4,2,10,1,0,0,-1,11,0,0,0,2.0,2,0,0.0
892,5,3,17,1,0,0,-1,18,0,0,0,1.25,3,0,0.0
893,1,1,2,1,0,0,-1,3,0,0,0,0.2,1,0,0.0
894,2,2,6,1,0,0,0,7,0,0,0,2.0,2,0,0.0
895,2,3,8,1,0,0,-1,9,0,0,0,1.0,3,0,0.0
896,5,3,17,1,0,0,-1,18,0,0,0,2.5,3,0,0.0
897,1,1,2,1,0,0,-1,3,0,0,0,0.2,1,0,0.0
898,7,3,23,2,0,0,-1,25,0,0,0,7.0,3,0,0.0
899,6,2,17,1,0,1,-1,18,0,0,0,0.8571428571428571,2,0,0.0
900,6,3,23,1,0,0,-1,24,0,0,0,1.0,3,0,0.0
901,3,3,11,1,0,1,-1,12,0,0,0,0.5,3,0,0.0
902,7,2,20,1,0,0,-1,21,0,0,0,2.3333333333333335,2,0,0.0
903,5,2,15,1,0,0,-1,16,0,0,0,0.7142857142857143,2,0,0.0
904,12,3,43,2,0,1,-1,45,0,0,0,2.4,3,0,0.0
905,1,0,0,0,4,0,-1,0,0,0,0,0.08333333333333333,0,0,0.0
906,5,2,16,1,0,0,-1,17,0,0,0,5.0,2,0,0.0
907,2,2,6,1,0,0,-1,7,0,0,0,0.4,2,0,0.0
908,1,2,3,1,0,0,-1,4,0,0,0,0.5,2,0,0.0
909,5,2,16,1,0,0,-1,17,0,0,0,5.0,2,0,0.0
910,8,2,24,2,0,1,-1,26,2,0,0,1.6,2,0,0.0
911,2,3,8,1,0,0,-1,9,0,0,0,0.25,3,0,0.0
912,2,2,6,1,0,1,-1,7,0,0,0,1.0,2,0,0.0
913,10,2,29,2,0,1,-1,31,0,0,0,5.0,2,0,0.0
914,5,2,16,1,0,0,-1,17,1,0,0,0.5,2,0,0.0
915,7,2,17,2,0,1,-1,19,0,0,0,1.4,2,0,0.0
916,1,0,0,0,2,0,-1,0,0,0,0,0.14285714285714285,0,0,0.0
917,4,2,9,1,0,1,-1,10,1,0,0,4.0,2,0,0.0
918,5,3,18,1,0,1,-1,19,0,0,0,1.25,3,0,0.0
919,1,1,1,1,0,0,-1,2,2,0,0,0.2,1,0,0.0
920,2,2,5,1,0,0,-1,6,0,0,0,2.0,2,0,0.0
921,1,1,1,1,0,0,-1,2,2,0,0,0.5,1,0,0.0
922,1,2,3,1,0,0,-1,4,0,0,0,1.0,2,0,0.0
923,2,2,6,1,0,0,-1,7,0,0,0,2.0,2,0,0.0
924,1,2,3,1,0,0,-1,4,0,0,0,0.5,2,0,0.0
925,3,4,14,2,0,0,-1,16,0,0,0,3.0,4,0,0.0
926,10,3,40,1,0,1,-1,41,0,0,0,3.3333333333333335,3,0,0.0
927,3,3,14,1,0,0,-1,15,0,0,0,0.3,3,0,0.0
928,6,3,24,1,0,0,-1,25,0,0,0,2.0,3,0,0.0
929,6,1,12,1,0,0,5,13,0,0,0,1.0,1,0,0.0
930,5,2,14,1,0,0,-1,15,1,0,0,0.8333333333333334,2,0,0.0
931,1,1,2,1,0,0,-1,3,0,0,0,0.2,1,0,0.0
932,1,2,4,1,0,0,-1,5,0,0,0,1.0,2,0,0.0
933,6,3,23,1,0,0,-1,24,0,0,0,6.0,3,0,0.0
934,7,2,21,2,0,0,-1,23,1,0,0,1.1666666666666667,2,0,0.0
935,1,1,2,1,0,0,-1,3,0,0,0,0.14285714285714285,1,0,0.0
936,9,3,35,1,0,0,-1,36,0,0,0,9.0,3,0,0.0
937,1,0,0,0,5,0,-1,0,0,0,0,0.1111111111111111,0,0,0.0
938,1,2,3,1,0,0,2,4,0,1,0,1.0,2,0,0.0
939,2,2,5,1,0,0,-1,6,0,0,0,2.0,2,0,0.0
940,3,3,14,1,0,0,-1,15,0,0,0,1.5,3,0,0.0
941,2,3,8,1,0,0,0,9,0,0,0,0.6666666666666666,3,0,0.0
942,1,2,4,1,0,0,-1,5,0,0,0,0.5,2,0,0.0
943,1,0,0,0,0,0,3,0,0,1,0,1.0,0,0,0.0
944,3,3,13,1,0,1,-1,14,0,0,0,3.0,3,0,0.0
945,4,2,10,1,0,0,2,11,0,0,0,1.3333333333333333,2,0,0.0
946,2,2,6,1,0,0,-1,7,0,0,0,0.5,2,0,0.0
947,5,2,16,1,0,1,-1,17,1,0,0,2.5,2,0,0.0
948,6,2,19,1,0,0,-1,20,1,0,0,1.2,2,0,0.0
949,1,1,2,1,0,0,-1,3,0,0,0,0.16666666666666666,1,0,0.0
950,13,3,42,3,0,1,-1,45,1,0,0,13.0,3,0,0.0
951,1,0,0,0,4,0,-1,0,0,0,0,0.07692307692307693,0,0,0.0
952,4,3,15,1,0,0,-1,16,0,0,0,4.0,3,0,0.0
953,1,0,0,0,4,0,-1,0,0,0,0,0.25,0,0,0.0
954,7,3,25,1,0,0,-1,26,1,0,0,7.0,3,0,0.0
955,4,3,15,1,0,0,-1,16,0,0,0,0.5714285714285714,3,0,0.0
956,8,3,34,1,0,0,-1,35,0,0,0,2.0,3,0,0.0
957,4,3,15,1,0,0,-1,16,0,0,0,0.5,3,0,0.0
958,4,3,16,1,0,0,-1,17,0,0,0,1.0,3,0,0.0
959,6,3,20,1,0,0,0,21,0,0,0,1.5,3,0,0.0
960,3,3,11,1,0,0,-1,12,0,0,0,0.5,3,0,0.0
961,4,4,19,1,0,0,-1,20,0,0,0,1.3333333333333333,4,0,0.0
962,7,3,22,2,0,0,-1,24,0,0,0,1.75,3,0,0.0
963,7,2,22,1,0,0,-1,23,0,0,0,1.0,2,0,0.0
964,8,3,30,1,0,0,-1,31,0,0,0,1.1428571428571428,3,0,0.0
965,6,2,19,1,0,1,-1,20,0,0,0,0.75,2,0,0.0
966,1,0,0,0,0,0,2,0,0,1,0,0.16666666666666666,0,0,0.0
967,1,1,3,0,0,0,0,3,0,0,0,1.0,1,0,0.0
968,5,3,21,1,0,0,-1,22,0,0,0,5.0,3,0,0.0
969,5,3,21,1,0,0,-1,22,0,0,0,1.0,3,0,0.0
970,5,2,15,1,0,0,-1,16,0,0,0,1.0,2,0,0.0
971,2,2,5,1,0,0,-1,6,0,0,0,0.4,2,0,0.0
972,6,4,32,1,0,1,-1,33,1,0,0,3.0,4,0,0.0
973,1,1,2,1,0,0,-1,3,0,0,0,0.16666666666666666,1,0,0.0
974,5,2,12,1,0,1,-1,13,2,0,0,5.0,2,0,0.0
975,1,0,0,0,3,0,-1,0,0,0,0,0.2,0,0,0.0
976,4,2,11,1,0,0,-1,12,0,0,0,4.0,2,0,0.0
977,1,1,2,1,0,0,-1,3,0,0,0,0.25,1,0,0.0
978,5,2,16,1,0,0,-1,17,0,0,0,5.0,2,0,0.0
979,7,3,22,2,0,0,-1,24,0,0,0,1.4,3,0,0.0
980,5,2,13,1,0,0,-1,14,1,0,0,0.7142857142857143,2,0,0.0
981,4,3,15,1,0,0,-1,16,0,0,0,0.8,3,0,0.0
982,1,0,0,0,0,0,-1,0,0,0,0,0.25,0,0,0.0
983,3,3,12,1,0,0,-1,13,0,0,0,3.0,3,0,0.0
984,5,2,14,1,0,0,-1,15,0,0,0,1.6666666666666667,2,0,0.0
985,9,3,30,1,0,0,1,31,0,0,0,1.8,3,0,0.0
986,4,2,12,1,0,0,-1,13,0,0,0,0.4444444444444444,2,0,0.0
987,4,2,13,1,0,0,-1,14,0,0,0,1.0,2,0,0.0
988,2,2,6,1,0,0,-1,7,0,0,0,0.5,2,0,0.0
989,5,3,19,1,0,0,-1,20,0,0,0,2.5,3,0,0.0
990,1,1,2,1,0,0,-1,3,0,0,0,0.2,1,0,0.0
991,6,3,23,1,0,0,-1,24,0,0,0,6.0,3,0,0.0
992,2,3,8,1,0,0,-1,9,0,0,0,0.3333333333333333,3,0,0.0
993,1,1,2,1,0,0,-1,3,0,0,0,0.5,1,0,0.0
994,7,3,23,2,0,1,-1,25,0,0,0,7.0,3,0,0.0
995,8,3,27,1,0,0,0,28,0,0,0,1.1428571428571428,3,0,0.0
996,1,1,2,1,0,0,-1,3,0,0,0,0.125,1,0,0.0
997,7,3,27,1,0,0,-1,28,1,0,0,7.0,3,0,0.0
998,1,1,2,1,0,0,-1,3,0,0,0,0.14285714285714285,1,0,0.0
999,6,2,19,1,0,0,-1,20,0,0,0,6.0,2,0,0.0
1000,1,1,2,1,0,0,-1,3,0,0,0,0.16666666666666666,1,0,0.0
1001,6,4,31,1,0,0,-1,32,0,0,0,6.0,4,0,0.0
1002,5,4,22,2,0,0,-1,24,0,0,0,0.8333333333333334,4,0,0.0
1003,5,2,15,1,0,1,-1,16,0,0,0,1.0,2,0,0.0
1004,1,1,2,1,0,0,-1,3,0,0,0,0.2,1,0,0.0
1005,5,3,18,2,0,0,-1,20,1,0,0,5.0,3,0,0.0
1006,3,2,9,1,0,0,-1,10,1,0,0,0.6,2,0,0.0
1007,1,1,2,1,0,0,-1,3,0,0,0,0.3333333333333333,1,0,0.0
1008,3,3,14,1,0,0,-1,15,0,0,0,3.0,3,0,0.0
1009,2,2,5,1,0,0,-1,6,0,0,0,0.6666666666666666,2,0,0.0
1010,2,1,3,1,0,0,0,4,0,0,0,1.0,1,0,0.0
1011,8,3,27,1,0,0,-1,28,0,0,0,4.0,3,0,0.0
1012,3,2,9,1,0,0,-1,10,0,0,0,0.375,2,0,0.0
1013,2,1,4,1,0,0,-1,5,0,0,0,0.6666666666666666,1,0,0.0
1014,3,3,13,1,0,0,-1,14,0,0,0,1.5,3,0,0.0
1015,7,2,19,1,0,0,-1,20,1,0,0,2.3333333333333335,2,0,0.0
1016,4,3,15,1,0,0,-1,16,1,0,0,0.5714285714285714,3,0,0.0
1017,3,4,15,1,0,0,-1,16,0,0,0,0.75,4,0,0.0
1018,10,3,37,2,0,0,-1,39,0,0,0,3.3333333333333335,3,0,0.0
1019,5,2,15,1,0,0,-1,16,3,0,0,0.5,2,0,0.0
1020,5,3,17,1,0,0,-1,18,2,0,0,1.0,3,0,0.0
1021,3,3,11,1,0,0,-1,12,0,0,0,0.6,3,0,0.0
1022,6,3,20,1,0,0,-1,21,0,0,0,2.0,3,0,0.0
1023,1,0,0,0,4,0,-1,0,0,0,0,0.16666666666666666,0,0,0.0
1024,2,4,11,1,0,0,-1,12,0,0,0,2.0,4,0,0.0
1025,14,3,46,2,0,0,3,48,0,0,0,7.0,3,0,0.0
1026,5,3,17,1,0,0,0,18,0,0,0,0.35714285714285715,3,0,0.0
1027,1,3,5,1,0,0,-1,6,0,0,0,0.2,3,0,0.0
1028,6,2,15,1,0,0,1,16,0,0,0,6.0,2,0,0.0
1029,3,5,19,1,0,0,-1,20,0,0,0,0.5,5,0,0.0
1030,1,2,3,1,0,0,-1,4,0,0,0,0.3333333333333333,2,0,0.0
1031,2,1,4,0,0,0,0,4,0,0,0,2.0,1,0,0.0
1032,8,3,30,1,0,0,-1,31,0,0,0,4.0,3,0,0.0
1033,1,2,3,1,0,0,-1,4,0,0,0,0.125,2,0,0.0
1034,2,2,7,1,0,0,-1,8,0,0,0,2.0,2,0,0.0
1035,4,2,9,1,0,0,0,10,0,0,0,2.0,2,0,0.0
1036,4,1,8,1,0,1,-1,9,1,0,0,1.0,1,0,0.0
1037,7,3,24,1,0,1,-1,25,1,0,0,1.75,3,0,0.0
1038,7,2,21,1,0,0,1,22,0,0,0,1.0,2,0,0.0
1039,2,3,9,1,0,0,-1,10,0,0,0,0.2857142857142857,3,0,0.0
1040,5,3,19,1,0,0,-1,20,0,0,0,2.5,3,0,0.0
1041,3,3,11,1,0,0,-1,12,0,0,0,0.6,3,0,0.0
1042,1,2,3,1,0,0,-1,4,0,0,0,0.3333333333333333,2,0,0.0
1043,7,3,30,1,0,0,-1,31,0,0,0,7.0,3,0,0.0
1044,10,2,30,2,0,1,-1,32,1,0,0,1.4285714285714286,2,0,0.0
1045,2,1,4,1,0,0,-1,5,0,0,0,0.2,1,0,0.0
1046,1,4,7,1,0,0,-1,8,0,0,0,0.5,4,0,0.0
1047,2,4,11,1,0,0,0,12,0,0,0,2.0,4,0,0.0
1048,1,1,2,1,0,0,-1,3,0,0,0,0.5,1,0,0.0
1049,1,1,1,1,0,0,-1,2,2,0,0,1.0,1,0,0.0
1050,1,4,7,1,0,0,-1,8,0,0,0,1.0,4,0,0.0
1051,4,1,8,1,0,0,-1,9,1,0,0,4.0,1,0,0.0
1052,8,4,35,1,0,0,-1,36,0,0,0,2.0,4,0,0.0
1053,5,2,14,1,0,0,-1,15,2,0,0,0.625,2,0,0.0
1054,2,2,5,1,0,0,-1,6,0,0,0,0.4,2,0,0.0
1055,2,4,12,2,0,0,-1,14,0,0,0,1.0,4,0,0.0
1056,3,1,5,2,0,0,-1,7,2,0,0,1.5,1,0,0.0
1057,3,3,11,1,0,0,-1,12,0,0,0,1.0,3,0,0.0
1058,1,2,3,1,0,0,-1,4,0,0,0,0.3333333333333333,2,0,0.0
1059,6,3,20,1,0,0,-1,21,0,0,0,6.0,3,0,0.0
1060,1,2,3,1,0,0,-1,4,0,0,0,0.16666666666666666,2,0,0.0
1061,3,2,7,1,0,0,-1,8,0,0,0,3.0,2,0,0.0
1062,2,3,8,1,0,0,-1,9,0,0,0,0.6666666666666666,3,0,0.0
1063,1,0,0,0,3,0,-1,0,0,0,0,0.5,0,0,0.0
1064,1,1,2,1,0,0,-1,3,0,0,0,1.0,1,0,0.0
1065,1,1,1,1,0,0,-1,2,2,0,0,1.0,1,0,0.0
1066,17,6,102,7,0,3,14,109,0,0,0,17.0,6,1,0.0
