7,3,26,1,1,0,-1,27,0,0,0,0,3,0,0,1
3,3,12,1,0,0,-1,13,0,0,0,0.42857142857142855,3,0,0,1
2,3,8,1,0,0,-1,9,0,0,0,0.6666666666666666,3,0,0,1
6,3,22,1,0,0,0,23,0,0,0,3.0,3,0,86460.0,1
5,3,17,1,0,0,0,18,0,0,0,0.8333333333333334,3,0,600.0,1
8,3,31,2,0,0,1,33,0,0,0,1.6,3,0,0.0,1
3,2,7,2,0,0,0,9,0,0,0,0.375,2,0,480.0,1
10,2,29,0,1,0,1,29,0,0,0,3.3333333333333335,2,0,0.0,1
5,3,19,1,0,0,-1,20,0,0,0,0.5,3,0,60.0,1
31,3,111,2,0,0,1,113,1,0,0,6.2,3,0,60.0,1
5,3,19,1,0,0,0,20,0,0,0,0.16129032258064516,3,0,0.0,1
1,2,3,1,0,0,0,4,0,0,0,0.2,2,0,0.0,1
9,2,26,1,0,0,0,27,0,0,0,9.0,2,0,60.0,1
4,2,11,1,0,0,0,12,0,0,0,0.4444444444444444,2,0,0.0,1
2,2,7,1,0,0,0,8,0,0,0,0.5,2,0,0.0,1
5,3,17,2,0,0,0,19,0,0,0,2.5,3,0,0.0,1
3,1,6,1,1,0,-1,7,0,0,0,0.6,1,0,0.0,1
1,4,8,1,0,0,-1,9,0,0,0,0.3333333333333333,4,0,0.0,1
8,3,25,2,0,0,0,27,1,0,0,8.0,3,0,60.0,1
1,2,3,1,0,0,0,4,0,0,0,0.125,2,0,0.0,1
4,3,17,1,0,0,-1,18,0,0,0,4.0,3,0,0.0,1
3,2,9,1,0,0,-1,10,0,0,0,0.75,2,0,0.0,1
8,3,26,1,0,0,0,27,0,0,0,2.6666666666666665,3,0,60.0,1
5,2,16,1,1,0,-1,17,0,0,0,0.625,2,0,0.0,1
6,4,27,1,0,0,-1,28,0,0,0,1.2,4,0,0.0,1
7,3,23,1,0,0,-1,24,0,0,0,1.1666666666666667,3,0,0.0,1
2,1,4,1,0,0,-1,5,0,0,0,0.2857142857142857,1,0,0.0,1
1,0,0,0,1,0,-1,0,0,0,0,0.5,0,0,0.0,1
8,3,30,1,0,0,-1,31,0,0,0,8.0,3,0,0.0,1
8,3,30,1,0,0,-1,31,0,0,0,1.0,3,0,60.0,1
8,3,30,1,0,0,-1,31,0,0,0,1.0,3,0,0.0,1
1,0,0,0,1,0,-1,0,0,0,0,0.125,0,0,0.0,1
11,3,40,1,1,0,-1,41,0,0,0,11.0,3,0,0.0,1
5,3,20,1,1,0,-1,21,0,0,0,0.45454545454545453,3,0,60.0,1
8,4,39,1,0,0,-1,40,0,0,0,1.6,4,0,0.0,1
8,3,31,2,0,0,0,33,0,0,0,1.0,3,0,0.0,1
4,3,14,1,0,0,-1,15,0,0,0,0.5,3,0,60.0,1
2,2,6,1,0,0,-1,7,0,0,0,0.5,2,0,0.0,1
10,4,46,1,0,0,-1,47,0,0,0,5.0,4,0,60.0,1
8,4,37,1,0,0,0,38,0,0,0,0.8,4,0,60.0,1
15,3,58,2,0,0,1,60,0,0,0,1.875,3,0,60.0,1
7,3,27,1,0,0,-1,28,0,0,0,0.4666666666666667,3,0,60.0,1
3,3,12,1,0,0,-1,13,0,0,0,0.42857142857142855,3,0,60.0,1
22,3,89,1,0,0,0,90,0,0,0,7.333333333333333,3,0,0.0,1
8,3,32,1,0,0,-1,33,0,0,0,0.36363636363636365,3,0,300.0,1
2,2,7,1,0,0,-1,8,3,0,0,0.25,2,0,0.0,1
1,1,2,1,0,0,-1,3,0,0,0,0.5,1,0,780.0,1
2,2,6,1,0,0,-1,7,0,0,0,2.0,2,0,1380.0,1
6,3,23,1,0,0,-1,24,1,0,0,3.0,3,0,0.0,1
1,0,0,0,1,0,-1,0,0,0,0,0.16666666666666666,0,0,480.0,1
14,3,56,2,0,0,0,58,0,0,0,14.0,3,0,180.0,1
1,0,0,0,1,0,-1,0,0,0,0,0.07142857142857142,0,0,0.0,1
7,4,31,1,0,0,0,32,0,0,0,7.0,4,0,0.0,1
6,3,22,0,0,0,-1,22,0,0,0,0.8571428571428571,3,0,0.0,1
3,4,18,1,0,0,-1,19,0,0,0,0.5,4,0,0.0,1
5,5,30,2,0,0,1,32,0,0,0,1.6666666666666667,5,0,0.0,1
1,0,0,0,1,0,-1,0,0,0,0,0.2,0,0,0.0,1
5,2,15,1,0,0,0,16,0,0,0,5.0,2,0,0.0,1
1,0,0,0,0,0,0,0,0,0,0,0.2,0,0,60.0,1
1,2,3,1,0,0,-1,4,0,0,0,1.0,2,0,60.0,1
7,3,23,1,0,0,0,24,0,0,0,7.0,3,0,180.0,1
8,3,34,1,0,0,0,35,0,0,0,1.1428571428571428,3,0,180.0,1
10,3,36,2,0,0,0,38,0,0,0,1.25,3,0,60.0,1
3,2,8,1,0,0,0,9,0,0,0,0.3,2,0,60.0,1
2,1,4,0,0,0,1,4,0,0,0,0.6666666666666666,1,0,60.0,1
2,1,4,0,0,0,1,4,0,0,0,1.0,1,0,0.0,1
3,1,4,0,1,0,0,4,0,0,0,1.5,1,0,0.0,1
7,2,22,1,0,0,0,23,0,0,0,2.3333333333333335,2,0,0.0,1
4,4,19,1,0,0,-1,20,0,0,0,0.5714285714285714,4,0,0.0,1
2,1,4,0,0,0,0,4,0,0,0,0.5,1,0,0.0,1
1,0,0,0,1,0,-1,0,0,0,0,0.5,0,0,0.0,1
3,1,6,1,0,0,-1,7,0,0,0,3.0,1,0,0.0,1
7,2,21,1,1,0,0,22,0,0,0,2.3333333333333335,2,0,0.0,1
11,4,48,1,0,0,1,49,0,0,0,1.5714285714285714,4,0,60.0,1
4,2,10,1,0,0,-1,11,0,0,0,0.36363636363636365,2,0,60.0,1
3,2,7,1,0,0,1,8,0,0,0,0.75,2,0,0.0,1
8,3,30,1,0,0,-1,31,0,0,0,2.6666666666666665,3,0,0.0,1
7,2,17,1,0,0,2,18,0,0,0,0.875,2,0,0.0,1
3,2,8,0,0,0,1,8,0,0,0,0.42857142857142855,2,0,0.0,1
2,2,6,0,0,0,1,6,0,0,0,0.6666666666666666,2,0,0.0,1
2,1,4,0,0,0,1,4,0,0,0,1.0,1,0,0.0,1
2,2,7,0,0,0,1,7,0,0,0,1.0,2,0,0.0,1
1,2,3,1,0,0,-1,4,0,0,0,0.5,2,0,60.0,1
6,3,21,1,0,0,-1,22,0,0,0,6.0,3,0,60.0,1
8,3,32,1,0,0,-1,33,0,0,0,1.3333333333333333,3,0,0.0,1
11,4,48,1,0,0,-1,49,0,0,0,1.375,4,0,0.0,1
9,2,27,1,0,0,1,28,0,0,0,0.8181818181818182,2,0,0.0,1
3,2,10,1,0,0,-1,11,0,0,0,0.3333333333333333,2,0,0.0,1
3,2,9,1,0,0,-1,10,0,0,0,1.0,2,0,0.0,1
3,2,9,1,0,0,-1,10,0,0,0,1.0,2,0,0.0,1
3,2,10,1,0,0,-1,11,0,0,0,1.0,2,0,0.0,1
9,3,34,1,0,0,-1,35,0,0,0,3.0,3,0,60.0,1
3,2,10,1,0,0,-1,11,0,0,0,0.3333333333333333,2,0,60.0,1
5,3,21,1,0,0,-1,22,0,0,0,1.6666666666666667,3,0,0.0,1
22,3,88,1,0,0,0,89,0,0,0,4.4,3,0,0.0,1
1,3,5,1,0,0,0,6,0,0,0,0.045454545454545456,3,0,60.0,1
5,3,22,1,0,0,0,23,0,0,0,5.0,3,0,60.0,1
10,3,38,1,0,0,1,39,1,0,0,2.0,3,0,0.0,1
7,3,27,1,0,0,0,28,0,0,0,0.7,3,0,60.0,1
5,4,26,1,0,0,0,27,0,0,0,0.7142857142857143,4,0,0.0,1
5,3,19,1,0,0,-1,20,0,0,0,1.0,3,0,0.0,1
8,3,27,1,0,0,0,28,0,0,0,1.6,3,0,60.0,1
8,3,32,2,0,0,0,34,0,0,0,1.0,3,0,60.0,1
8,3,31,1,1,0,-1,32,0,0,0,1.0,3,0,60.0,1
8,2,23,1,1,0,-1,24,0,0,0,1.0,2,0,0.0,1
10,3,37,1,0,0,0,38,0,0,0,1.25,3,0,60.0,1
33,3,132,1,0,0,2,133,0,0,0,3.3,3,0,60.0,1
18,3,66,1,1,0,0,67,0,0,0,0.5454545454545454,3,0,60.0,1
4,3,15,1,0,0,0,16,0,0,0,0.2222222222222222,3,0,120.0,1
10,3,39,1,0,0,0,40,0,0,0,2.5,3,0,0.0,1
5,3,17,1,0,0,0,18,0,0,0,0.5,3,0,0.0,1
10,3,36,1,0,1,-1,37,0,0,0,2.0,3,0,0.0,1
2,0,1,1,1,0,-1,2,1,0,0,0.2,0,0,0.0,1
5,3,22,1,0,0,-1,23,0,0,0,2.5,3,0,0.0,1
2,3,8,1,0,0,-1,9,1,0,0,0.4,3,0,0.0,1
21,3,79,1,0,0,0,80,0,0,0,10.5,3,0,0.0,1
3,3,12,1,0,0,-1,13,0,0,0,0.14285714285714285,3,0,0.0,1
19,3,76,1,0,0,-1,77,1,0,0,6.333333333333333,3,0,60.0,1
16,4,70,1,0,1,-1,71,0,0,0,0.8421052631578947,4,0,0.0,1
10,2,30,1,1,0,-1,31,0,0,0,0.625,2,0,0.0,1
1,2,3,1,0,0,-1,4,0,0,0,0.1,2,0,60.0,1
13,3,53,1,0,5,0,54,1,0,0,13.0,3,0,60.0,1
6,4,27,1,0,0,-1,28,0,0,0,0.46153846153846156,4,0,0.0,1
4,2,11,1,0,0,0,12,0,0,0,0.6666666666666666,2,0,0.0,1
1,0,0,0,1,0,-1,0,0,0,0,0.25,0,0,0.0,1
1,2,3,1,0,0,-1,4,0,0,0,1.0,2,0,0.0,1
7,3,25,1,0,0,0,26,0,0,0,7.0,3,0,60.0,1
2,2,7,1,0,0,0,8,0,0,0,0.2857142857142857,2,0,0.0,1
5,2,16,1,0,0,0,17,0,0,0,2.5,2,0,60.0,1
1,1,1,1,0,0,-1,2,0,0,0,0.2,1,0,0.0,1
11,2,33,1,1,0,-1,34,0,0,0,11.0,2,0,60.0,1
6,2,16,1,1,0,-1,17,0,0,0,0.5454545454545454,2,0,120.0,1
5,4,23,1,0,0,-1,24,0,0,0,0.8333333333333334,4,0,0.0,1
12,3,48,2,0,0,0,50,0,0,0,2.4,3,0,0.0,1
8,3,29,1,0,0,0,30,0,0,0,0.6666666666666666,3,0,0.0,1
6,3,25,1,1,0,-1,26,0,0,0,0.75,3,0,0.0,1
8,4,34,4,0,0,0,38,0,0,0,1.3333333333333333,4,0,0.0,1
7,3,23,1,0,0,-1,24,0,0,0,0.875,3,0,0.0,1
9,4,41,2,0,0,0,43,0,0,0,1.2857142857142858,4,0,0.0,1
3,2,7,1,0,1,-1,8,1,0,0,0.3333333333333333,2,0,0.0,1
1,3,5,1,0,0,-1,6,0,0,0,0.3333333333333333,3,0,0.0,1
3,3,11,1,0,0,-1,12,0,0,0,3.0,3,0,5160.0,1
3,1,3,1,1,0,0,4,0,0,0,1.0,1,0,720.0,1
9,3,31,1,1,0,0,32,0,0,0,3.0,3,0,1740.0,1
1,2,3,1,0,0,0,4,0,0,0,0.1111111111111111,2,0,60.0,1
5,2,15,1,1,0,-1,16,0,0,0,5.0,2,0,5100.0,1
6,2,19,1,0,0,-1,20,0,0,0,1.2,2,0,60.0,1
8,3,28,2,1,0,1,30,0,0,0,1.3333333333333333,3,0,5160.0,1
2,3,10,1,0,0,0,11,0,0,0,0.25,3,0,120.0,1
5,3,17,1,0,0,0,18,0,0,0,2.5,3,0,180.0,1
2,1,4,1,0,0,0,5,0,0,0,0.4,1,0,0.0,1
1,1,2,1,0,0,0,3,0,0,0,0.5,1,0,60.0,1
5,2,15,1,0,0,-1,16,0,0,0,5.0,2,0,0.0,1
1,1,1,1,0,0,-1,2,1,0,0,0.2,1,0,0.0,1
2,2,7,1,0,0,0,8,0,0,0,2.0,2,0,0.0,1
6,3,23,1,0,0,-1,24,0,0,0,3.0,3,0,60.0,1
1,0,0,0,1,0,-1,0,0,0,0,0.16666666666666666,0,0,60.0,1
6,3,23,1,0,0,0,24,0,0,0,6.0,3,0,60.0,1
2,2,5,1,0,0,-1,6,0,0,0,0.3333333333333333,2,0,0.0,1
7,4,33,1,0,0,-1,34,0,0,0,3.5,4,0,0.0,1
6,3,21,1,0,0,0,22,0,0,0,0.8571428571428571,3,0,60.0,1
8,3,27,1,1,0,-1,28,0,0,0,1.3333333333333333,3,0,0.0,1
7,2,20,1,0,0,1,21,1,0,0,0.875,2,0,0.0,1
7,3,23,1,0,0,-1,24,0,0,0,1.0,3,0,0.0,1
8,2,25,1,0,0,-1,26,0,0,0,1.1428571428571428,2,0,0.0,1
5,3,21,1,0,0,-1,22,0,0,0,0.625,3,0,0.0,1
11,2,32,1,1,0,-1,33,0,0,0,2.2,2,0,0.0,1
1,2,3,1,0,0,0,4,0,0,0,0.09090909090909091,2,0,60.0,1
11,3,42,1,0,0,-1,43,0,0,0,11.0,3,0,60.0,1
7,2,22,1,1,0,-1,23,0,0,0,0.6363636363636364,2,0,0.0,1
5,3,21,1,0,0,-1,22,0,0,0,0.7142857142857143,3,0,0.0,1
5,3,19,3,0,0,0,22,0,0,0,1.0,3,0,0.0,1
13,3,41,1,1,0,-1,42,0,0,0,2.6,3,0,60.0,1
16,3,52,2,1,0,0,54,0,0,0,1.2307692307692308,3,0,0.0,1
14,3,57,2,1,0,0,59,0,0,0,0.875,3,0,0.0,1
4,1,8,1,1,0,-1,9,0,0,0,0.2857142857142857,1,0,0.0,1
7,3,26,1,0,0,-1,27,0,0,0,1.75,3,0,0.0,1
6,3,20,1,0,0,-1,21,0,0,0,0.8571428571428571,3,0,60.0,1
7,2,21,1,1,0,-1,22,0,0,0,1.1666666666666667,2,0,0.0,1
6,3,22,1,0,0,-1,23,0,0,0,0.8571428571428571,3,0,60.0,1
1,0,0,0,1,0,-1,0,0,0,0,0.16666666666666666,0,0,300.0,1
7,3,30,1,1,0,-1,31,0,0,0,7.0,3,0,0.0,1
7,2,22,1,0,0,-1,23,0,0,0,1.0,2,0,0.0,1
1,0,0,0,2,0,-1,0,0,0,0,0.14285714285714285,0,0,60.0,1
4,3,16,1,0,0,0,17,0,0,0,4.0,3,0,0.0,1
7,3,23,2,0,0,0,25,1,0,0,1.75,3,0,60.0,1
8,5,48,1,0,0,-1,49,0,0,0,1.1428571428571428,5,0,0.0,1
11,3,35,1,0,0,-1,36,0,0,0,1.375,3,0,0.0,1
3,2,9,1,0,0,-1,10,0,0,0,0.2727272727272727,2,0,60.0,1
5,3,17,1,0,0,-1,18,0,0,0,1.6666666666666667,3,0,0.0,1
8,3,27,1,0,0,0,28,0,0,0,1.6,3,0,0.0,1
4,2,11,1,0,0,-1,12,0,0,0,0.5,2,0,60.0,1
10,3,32,2,0,0,0,34,0,0,0,2.5,3,0,660.0,1
9,2,24,1,0,0,1,25,1,0,0,0.9,2,0,60.0,1
8,3,31,2,0,0,1,33,0,0,0,0.8888888888888888,3,0,60.0,1
2,2,7,1,0,0,-1,8,0,0,0,0.25,2,0,60.0,1
1,2,4,1,0,0,-1,5,0,0,0,0.5,2,0,480.0,1
4,6,30,1,0,0,-1,31,0,0,0,4.0,6,0,2400.0,1
3,3,11,1,0,0,-1,12,0,0,0,0.75,3,0,2400.0,1
5,3,19,1,0,2,0,20,0,0,0,1.6666666666666667,3,0,1080.0,1
8,3,26,1,0,0,-1,27,0,0,0,1.6,3,0,300.0,1
5,3,18,1,0,0,0,19,0,0,0,0.625,3,0,300.0,1
1,0,0,0,0,0,0,0,0,0,0,0.2,0,0,720.0,1
1,1,1,1,0,0,-1,2,1,0,0,1.0,1,0,0.0,1
2,2,6,1,0,0,-1,7,0,0,0,2.0,2,0,0.0,1
3,2,10,1,0,0,-1,11,0,0,0,1.5,2,0,0.0,1
2,2,5,1,0,0,0,6,0,0,0,0.6666666666666666,2,0,0.0,1
2,2,6,1,0,0,-1,7,0,0,0,1.0,2,0,0.0,1
8,3,27,1,1,0,-1,28,0,0,0,4.0,3,0,0.0,1
4,2,12,1,0,0,-1,13,0,0,0,0.5,2,0,60.0,1
9,3,35,1,0,0,0,36,0,0,0,2.25,3,0,0.0,1
8,3,27,2,0,0,1,29,0,0,0,0.8888888888888888,3,0,0.0,1
9,3,36,1,0,0,-1,37,0,0,0,1.125,3,0,60.0,1
5,2,12,1,1,0,-1,13,0,0,0,0.5555555555555556,2,0,60.0,1
7,2,20,1,1,0,0,21,0,0,0,1.4,2,0,60.0,1
9,3,37,1,1,0,-1,38,0,0,0,1.2857142857142858,3,0,0.0,1
11,3,40,2,0,0,0,42,0,0,0,1.2222222222222223,3,0,60.0,1
3,2,9,1,0,0,0,10,0,0,0,0.2727272727272727,2,0,60.0,1
4,2,11,1,0,0,-1,12,0,0,0,1.3333333333333333,2,0,0.0,1
4,4,19,1,0,0,-1,20,0,0,0,1.0,4,0,120.0,1
1,0,0,0,1,0,-1,0,0,0,0,0.25,0,0,60.0,1
7,3,30,1,1,0,0,31,0,0,0,7.0,3,0,0.0,1
2,3,8,1,1,0,-1,9,0,0,0,0.2857142857142857,3,0,60.0,1
7,2,20,1,1,0,-1,21,0,0,0,3.5,2,0,660.0,1
2,4,12,1,0,0,0,13,0,0,0,0.2857142857142857,4,0,240.0,1
0,0,11,1,0,0,0,0,0,0,0,0.0,0,1,240.0,1
6,3,21,1,1,0,-1,22,0,0,0,0,3,0,240.0,1
7,2,20,1,1,0,0,21,0,0,0,1.1666666666666667,2,0,0.0,1
7,3,28,2,0,0,1,30,0,0,0,1.0,3,0,240.0,1
15,4,66,2,1,0,0,68,0,0,0,2.142857142857143,4,0,60.0,1
1,0,0,0,1,0,-1,0,0,0,0,0.06666666666666667,0,0,60.0,1
6,3,26,1,0,0,0,27,0,0,0,6.0,3,0,60.0,1
1,2,3,1,0,0,-1,4,0,0,0,0.16666666666666666,2,0,300.0,1
8,4,35,1,0,0,-1,36,0,0,0,8.0,4,0,23400.0,1
0,0,11,1,0,0,0,0,0,0,0,0.0,0,1,5100.0,1
5,2,16,1,0,0,0,17,0,0,0,0,2,0,60.0,1
4,2,10,1,0,0,0,11,0,0,0,0.8,2,0,60.0,1
3,2,7,1,1,0,-1,8,0,1,0,0.75,2,0,60.0,1
7,4,35,2,0,0,0,37,0,0,0,2.3333333333333335,4,0,1140.0,1
4,3,14,1,0,0,0,15,0,0,0,0.5714285714285714,3,0,0.0,1
13,3,43,2,0,3,2,45,1,0,0,3.25,3,0,0.0,1
4,3,16,1,0,0,0,17,0,0,0,0.3076923076923077,3,0,300.0,1
6,3,25,1,0,0,0,26,0,0,0,1.5,3,0,0.0,1
5,2,13,1,1,0,-1,14,0,0,0,0.8333333333333334,2,0,0.0,1
12,3,49,2,0,0,1,51,0,0,0,2.4,3,0,120.0,1
12,3,44,3,0,0,2,47,0,0,0,1.0,3,0,11340.0,1
2,2,6,1,0,0,-1,7,0,0,0,0.16666666666666666,2,0,11340.0,1
3,3,12,1,0,0,-1,13,0,0,0,1.5,3,0,11340.0,1
4,4,21,1,0,0,-1,22,0,0,0,1.3333333333333333,4,0,39540.0,1
4,3,15,1,0,0,-1,16,0,0,0,1.0,3,0,35040.0,1
1,3,5,1,0,0,-1,6,0,0,0,0.25,3,0,180.0,1
4,3,17,1,0,0,-1,18,0,0,0,4.0,3,0,1080480.0,1
3,1,6,1,0,0,-1,7,2,0,0,0.75,1,0,2520.0,1
4,2,11,1,2,0,-1,12,0,0,0,1.3333333333333333,2,0,2520.0,1
3,3,11,1,0,0,-1,12,0,0,0,0.75,3,0,2520.0,1
3,3,11,1,0,0,-1,12,0,0,0,1.0,3,0,2700.0,1
3,2,9,1,0,0,0,10,0,0,0,1.0,2,0,60.0,1
2,2,7,1,0,0,0,8,0,0,0,0.6666666666666666,2,0,60.0,1
0,0,11,1,0,0,0,0,0,0,0,0.0,0,1,60.0,1
0,0,11,1,0,0,0,0,0,0,0,0,0,1,60.0,1
5,3,19,1,0,0,-1,20,0,0,0,0,3,0,60.0,1
10,2,28,1,1,0,-1,29,1,0,0,2.0,2,0,60.0,1
1,2,4,1,0,0,-1,5,0,0,0,0.1,2,0,60.0,1
1,0,0,0,0,0,1,0,0,0,0,1.0,0,0,1320.0,1
13,3,45,0,0,0,0,45,0,0,0,13.0,3,0,0.0,1
1,1,2,0,0,0,-1,2,0,0,0,0.07692307692307693,1,0,6900.0,1
6,3,22,0,0,0,-1,22,0,0,0,6.0,3,0,0.0,1
4,2,9,1,2,0,-1,10,0,0,0,0.6666666666666666,2,0,0.0,1
5,2,15,1,1,0,-1,16,0,0,0,1.25,2,0,0.0,1
4,3,17,1,0,0,0,18,0,0,0,0.8,3,0,0.0,1
2,1,4,1,0,0,-1,5,0,0,0,0.5,1,0,240.0,1
4,3,18,1,0,0,0,19,0,0,0,2.0,3,0,0.0,1
12,3,45,2,1,0,0,47,1,0,0,3.0,3,0,0.0,1
6,3,23,1,0,0,0,24,0,0,0,0.5,3,0,60.0,1
2,2,5,1,0,0,-1,6,0,0,0,0.3333333333333333,2,0,660.0,1
4,3,17,1,0,0,-1,18,1,0,0,2.0,3,0,0.0,1
1,0,0,1,0,0,0,1,0,0,0,0.25,0,0,0.0,1
5,2,16,0,0,0,0,16,0,0,0,5.0,2,0,29580.0,1
5,2,13,0,0,0,1,13,0,0,0,1.0,2,0,0.0,1
5,3,17,1,0,0,-1,18,0,0,0,1.0,3,0,0.0,1
2,2,6,1,0,0,-1,7,0,0,0,0.4,2,0,0.0,1
9,3,34,1,0,0,-1,35,0,0,0,4.5,3,0,0.0,1
6,3,24,1,0,0,0,25,0,0,0,0.6666666666666666,3,0,0.0,1
6,3,22,1,0,0,-1,23,0,0,0,1.0,3,0,0.0,1
6,3,20,1,0,0,-1,21,0,0,0,1.0,3,0,0.0,1
8,2,25,1,0,3,-1,26,3,0,0,1.3333333333333333,2,0,0.0,1
2,1,4,1,0,0,-1,5,0,0,0,0.25,1,0,0.0,1
10,3,38,1,0,0,-1,39,1,0,0,5.0,3,0,0.0,1
1,1,1,1,0,0,-1,2,1,0,0,0.1,1,0,60.0,1
4,2,12,2,1,0,0,14,0,0,0,4.0,2,0,60.0,1
3,3,11,1,0,0,-1,12,0,0,0,0.75,3,0,0.0,1
7,3,28,1,0,0,-1,29,0,0,0,2.3333333333333335,3,0,0.0,1
4,3,15,1,0,0,-1,16,0,0,0,0.5714285714285714,3,0,0.0,1
5,4,26,1,0,0,-1,27,0,0,0,1.25,4,0,0.0,1
7,3,25,1,0,0,-1,26,0,0,0,1.4,3,0,60.0,1
9,3,31,1,1,0,-1,32,0,0,0,1.2857142857142858,3,0,60.0,1
5,3,17,2,0,0,0,19,0,0,0,0.5555555555555556,3,0,0.0,1
4,3,16,1,0,0,-1,17,0,0,0,0.8,3,0,0.0,1
1,0,0,0,1,0,-1,0,0,0,0,0.25,0,0,60.0,1
11,3,40,1,0,0,-1,41,0,0,0,11.0,3,0,60.0,1
4,3,16,1,0,0,0,17,0,0,0,0.36363636363636365,3,0,60.0,1
1,2,4,1,0,0,-1,5,0,0,0,0.25,2,0,0.0,1
2,2,7,1,0,0,-1,8,0,0,0,2.0,2,0,60.0,1
1,0,0,0,2,0,-1,0,0,0,0,0.5,0,0,60.0,1
8,3,30,1,1,0,-1,31,0,0,0,8.0,3,0,0.0,1
3,2,9,1,0,0,-1,10,0,0,0,0.375,2,0,0.0,1
3,3,11,1,0,0,-1,12,0,0,0,1.0,3,0,0.0,1
3,3,13,1,0,0,-1,14,0,0,0,1.0,3,0,60.0,1
5,3,21,1,0,0,-1,22,0,0,0,1.6666666666666667,3,0,0.0,1
3,2,9,1,0,0,0,10,0,0,0,0.6,2,0,0.0,1
1,0,0,0,1,0,-1,0,0,0,0,0.3333333333333333,0,0,0.0,1
1,1,2,1,0,0,-1,3,0,0,0,1.0,1,0,0.0,1
1,0,0,0,1,0,-1,0,0,0,0,1.0,0,0,0.0,1
9,2,27,1,1,0,-1,28,0,0,0,9.0,2,0,0.0,1
5,3,20,1,0,0,-1,21,0,0,0,0.5555555555555556,3,0,0.0,1
2,3,10,1,0,0,-1,11,0,0,0,0.4,3,0,0.0,1
4,2,11,1,0,0,-1,12,0,0,0,2.0,2,0,0.0,1
9,2,25,1,1,0,-1,26,0,0,0,2.25,2,0,0.0,1
7,2,22,1,1,0,-1,23,0,0,0,0.7777777777777778,2,0,0.0,1
7,4,31,1,0,0,-1,32,0,0,0,1.0,4,0,0.0,1
7,2,20,1,1,0,-1,21,0,0,0,1.0,2,0,60.0,1
6,4,28,1,0,0,-1,29,0,0,0,0.8571428571428571,4,0,0.0,1
6,3,20,1,1,0,-1,21,0,0,0,1.0,3,0,0.0,1
4,3,17,1,0,0,-1,18,0,0,0,0.6666666666666666,3,0,0.0,1
1,0,0,0,1,0,-1,0,0,0,0,0.25,0,0,0.0,1
4,3,18,1,0,0,-1,19,0,0,0,4.0,3,0,0.0,1
6,3,23,1,0,0,-1,24,0,0,0,1.5,3,0,0.0,1
4,2,10,1,0,0,-1,11,0,0,0,0.6666666666666666,2,0,0.0,1
7,2,18,1,1,0,-1,19,0,0,0,1.75,2,0,60.0,1
1,0,0,0,2,0,-1,0,0,0,0,0.14285714285714285,0,0,0.0,1
6,3,24,2,0,0,0,26,0,0,0,6.0,3,0,60.0,1
3,3,12,1,0,0,0,13,0,0,0,0.5,3,0,0.0,1
1,0,0,0,1,0,-1,0,0,0,0,0.3333333333333333,0,0,60.0,1
2,2,6,1,0,0,-1,7,0,0,0,2.0,2,0,0.0,1
5,3,22,1,0,0,-1,23,0,0,0,2.5,3,0,0.0,1
5,4,24,1,0,0,-1,25,0,0,0,1.0,4,0,0.0,1
4,4,22,1,0,0,1,23,0,0,0,0.8,4,0,0.0,1
1,1,2,1,0,0,-1,3,0,0,0,0.25,1,0,60.0,1
3,1,5,1,0,0,-1,6,0,0,0,3.0,1,0,60.0,1
10,3,34,2,1,0,1,36,0,0,0,3.3333333333333335,3,0,60.0,1
2,1,3,1,0,0,-1,4,0,0,0,0.2,1,0,0.0,1
5,3,18,1,0,0,0,19,0,0,0,2.5,3,0,0.0,1
7,3,29,1,0,0,0,30,0,0,0,1.4,3,0,60.0,1
1,4,8,1,0,0,0,9,0,0,0,0.14285714285714285,4,0,60.0,1
7,4,35,1,0,0,-1,36,0,0,0,7.0,4,0,0.0,1
10,3,42,1,0,0,0,43,0,0,0,1.4285714285714286,3,0,0.0,1
1,0,0,0,2,0,-1,0,0,0,0,0.1,0,0,0.0,1
5,2,13,1,1,0,1,14,0,0,0,5.0,2,0,60.0,1
3,3,13,1,0,0,-1,14,0,0,0,0.6,3,0,0.0,1
3,2,8,1,0,0,1,9,0,0,0,1.0,2,0,60.0,1
2,3,9,1,0,0,0,10,0,0,0,0.6666666666666666,3,0,0.0,1
2,3,8,1,0,0,0,9,0,0,0,1.0,3,0,0.0,1
2,4,11,1,0,0,0,12,0,0,0,1.0,4,0,0.0,1
2,4,11,1,0,0,0,12,0,0,0,1.0,4,0,60.0,1
2,2,6,1,1,0,0,7,0,0,0,1.0,2,0,0.0,1
8,3,26,1,0,0,0,27,0,0,0,4.0,3,0,60.0,1
7,3,29,1,0,0,-1,30,0,0,0,0.875,3,0,0.0,1
6,3,22,1,0,0,-1,23,0,0,0,0.8571428571428571,3,0,60.0,1
2,1,3,1,0,0,0,4,0,0,0,0.3333333333333333,1,0,60.0,1
3,2,9,1,0,0,0,10,0,0,0,1.5,2,0,60.0,1
5,2,14,1,0,0,-1,15,0,0,0,1.6666666666666667,2,0,120.0,1
13,2,40,1,1,0,-1,41,0,0,0,2.6,2,0,120.0,1
7,3,27,1,0,0,-1,28,0,0,0,0.5384615384615384,3,0,0.0,1
6,3,26,1,0,0,-1,27,0,0,0,0.8571428571428571,3,0,0.0,1
6,4,29,1,0,0,0,30,0,0,0,1.0,4,0,60.0,1
9,4,39,1,0,0,-1,40,0,0,0,1.5,4,0,60.0,1
17,3,63,1,0,0,1,64,0,0,0,1.8888888888888888,3,0,60.0,1
8,3,31,1,1,0,-1,32,0,0,0,0.47058823529411764,3,0,60.0,1
1,0,0,0,0,0,-1,0,0,0,0,0.125,0,0,0.0,1
8,2,25,1,0,0,-1,26,0,0,0,8.0,2,0,60.0,1
4,4,19,1,0,0,-1,20,0,0,0,0.5,4,0,0.0,1
5,3,18,1,0,0,-1,19,0,0,0,1.25,3,0,0.0,1
5,3,21,1,0,0,-1,22,0,0,0,1.0,3,0,60.0,1
7,3,29,1,0,0,0,30,0,0,0,1.4,3,0,0.0,1
2,1,2,1,1,0,-1,3,0,0,0,0.2857142857142857,1,0,0.0,1
4,3,17,1,0,0,-1,18,0,0,0,2.0,3,0,0.0,1
6,3,25,1,0,0,-1,26,0,0,0,1.5,3,0,60.0,1
6,2,17,1,1,0,-1,18,0,0,0,1.0,2,0,60.0,1
1,1,2,1,0,0,-1,3,1,0,0,0.16666666666666666,1,0,0.0,1
3,4,17,1,0,0,-1,18,0,0,0,3.0,4,0,0.0,1
4,3,16,1,0,0,-1,17,0,0,0,1.3333333333333333,3,0,0.0,1
0,0,11,1,0,0,0,0,0,0,0,0.0,0,1,60.0,1
6,3,25,1,0,0,-1,26,0,0,0,0,3,0,0.0,1
6,2,17,1,0,0,-1,18,1,0,0,1.0,2,0,0.0,1
7,2,20,1,1,0,-1,21,0,0,0,1.1666666666666667,2,0,60.0,1
3,3,12,1,0,0,-1,13,0,0,0,0.42857142857142855,3,0,60.0,1
9,3,29,1,1,0,-1,30,0,0,0,3.0,3,0,60.0,1
6,4,27,1,0,0,-1,28,1,0,0,0.6666666666666666,4,0,60.0,1
6,3,22,1,0,0,0,23,0,0,0,1.0,3,0,0.0,1
5,2,13,1,1,0,1,14,0,0,0,0.8333333333333334,2,0,60.0,1
6,3,22,1,0,0,-1,23,0,0,0,1.2,3,0,60.0,1
4,3,17,1,0,0,0,18,0,0,0,0.6666666666666666,3,0,60.0,1
7,3,23,1,1,0,-1,24,0,0,0,1.75,3,0,0.0,1
3,3,11,1,0,0,-1,12,0,0,0,0.42857142857142855,3,0,60.0,1
2,2,5,1,2,0,1,6,0,1,0,0.6666666666666666,2,0,60.0,1
14,2,42,1,1,0,0,43,0,0,0,7.0,2,0,0.0,1
6,3,22,1,0,0,-1,23,0,0,0,0.42857142857142855,3,0,0.0,1
3,3,11,1,0,0,-1,12,0,0,0,0.5,3,0,60.0,1
1,2,3,1,0,0,-1,4,0,0,0,0.3333333333333333,2,0,60.0,1
14,3,51,1,0,0,-1,52,0,0,0,14.0,3,0,0.0,1
1,0,0,0,1,0,-1,0,0,0,0,0.07142857142857142,0,0,0.0,1
5,2,16,1,0,0,-1,17,0,0,0,5.0,2,0,60.0,1
4,2,13,1,0,0,-1,14,0,0,0,0.8,2,0,60.0,1
15,3,55,1,1,0,-1,56,0,0,0,3.75,3,0,0.0,1
4,2,10,1,0,0,-1,11,0,0,0,0.26666666666666666,2,0,120.0,1
10,2,28,1,0,0,-1,29,0,0,0,2.5,2,0,0.0,1
8,3,26,1,2,0,-1,27,0,0,0,0.8,3,0,0.0,1
5,2,16,1,1,0,-1,17,0,0,0,0.625,2,0,0.0,1
4,2,10,1,1,0,-1,11,0,0,0,0.8,2,0,0.0,1
2,4,13,1,0,0,-1,14,0,0,0,0.5,4,0,60.0,1
13,3,42,1,0,0,0,43,0,0,0,6.5,3,0,36960.0,1
2,2,6,1,0,0,-1,7,0,0,0,0.15384615384615385,2,0,6300.0,1
3,3,11,1,0,0,-1,12,0,0,0,1.5,3,0,9120.0,1
1,0,0,0,1,0,-1,0,0,0,0,0.3333333333333333,0,0,60.0,1
4,2,10,1,0,0,0,11,0,0,0,4.0,2,0,0.0,1
1,3,5,1,0,0,-1,6,0,0,0,0.25,3,0,60.0,1
3,2,8,1,0,0,-1,9,0,0,0,3.0,2,0,0.0,1
1,1,2,1,0,0,-1,3,0,0,0,0.3333333333333333,1,0,0.0,1
3,4,16,1,1,0,-1,17,0,0,0,3.0,4,0,0.0,1
8,2,22,1,2,0,-1,23,0,0,0,2.6666666666666665,2,0,0.0,1
4,2,13,1,0,0,-1,14,0,0,0,0.5,2,0,0.0,1
10,4,51,1,0,0,2,52,0,0,0,2.5,4,0,120.0,1
1,0,0,0,2,0,-1,0,0,0,0,0.1,0,0,0.0,1
7,3,27,4,0,0,0,31,0,0,0,7.0,3,0,0.0,1
3,5,20,1,0,0,-1,21,0,0,0,0.42857142857142855,5,0,0.0,1
3,1,6,1,1,0,-1,7,0,0,0,1.0,1,0,60.0,1
1,2,4,1,0,0,-1,5,0,0,0,0.3333333333333333,2,0,60.0,1
5,2,15,1,0,0,1,16,1,0,0,5.0,2,0,0.0,1
5,3,19,1,1,0,-1,20,0,0,0,1.0,3,0,0.0,1
9,3,31,1,1,0,-1,32,0,0,0,1.8,3,0,60.0,1
5,2,15,1,2,0,-1,16,0,0,0,0.5555555555555556,2,0,60.0,1
8,4,35,1,1,0,-1,36,0,0,0,1.6,4,0,0.0,1
10,3,33,2,1,0,0,35,1,0,0,1.25,3,0,0.0,1
4,3,18,1,0,0,0,19,0,0,0,0.4,3,0,0.0,1
3,2,8,1,1,0,-1,9,0,0,0,0.75,2,0,0.0,1
11,2,34,1,1,1,0,35,0,0,0,3.6666666666666665,2,0,0.0,1
4,3,14,1,0,0,-1,15,0,0,0,0.36363636363636365,3,0,0.0,1
8,3,32,1,0,0,-1,33,0,0,0,2.0,3,0,0.0,1
7,2,20,1,2,0,-1,21,0,0,0,0.875,2,0,0.0,1
7,4,31,1,0,0,-1,32,0,0,0,1.0,4,0,0.0,1
2,2,7,1,0,0,0,8,0,0,0,0.2857142857142857,2,0,0.0,1
9,2,25,1,0,0,0,26,1,0,0,4.5,2,0,0.0,1
1,0,0,0,1,0,-1,0,0,0,0,0.1111111111111111,0,0,0.0,1
3,2,9,1,1,0,0,10,0,0,0,3.0,2,0,0.0,1
7,2,21,1,1,0,-1,22,0,0,0,2.3333333333333335,2,0,0.0,1
1,2,3,1,0,0,-1,4,0,0,0,0.14285714285714285,2,0,0.0,1
4,3,18,1,0,0,-1,19,0,0,0,4.0,3,0,0.0,1
4,2,12,1,1,0,-1,13,0,0,0,1.0,2,0,0.0,1
7,2,18,1,1,3,-1,19,0,0,0,1.75,2,0,0.0,1
1,0,0,0,0,0,0,0,0,0,0,0.14285714285714285,0,0,0.0,1
1,1,2,1,0,0,-1,3,0,0,0,1.0,1,0,0.0,1
6,2,14,1,1,0,-1,15,0,0,0,6.0,2,0,0.0,1
6,2,17,1,2,0,-1,18,0,0,0,1.0,2,0,4224000.0,1
5,2,15,1,0,0,-1,16,0,0,0,0.8333333333333334,2,0,1320.0,1
1,0,0,0,2,0,-1,0,0,0,0,0.2,0,0,3780.0,1
3,2,10,1,0,0,-1,11,0,0,0,3.0,2,0,0.0,1
2,1,3,1,1,0,-1,4,0,0,0,0.6666666666666666,1,0,0.0,1
1,1,2,1,0,0,-1,3,0,0,0,0.5,1,0,0.0,1
4,1,8,1,1,2,-1,9,0,0,0,4.0,1,0,0.0,1
9,2,27,1,1,0,-1,28,0,0,0,2.25,2,0,0.0,1
2,2,5,1,0,0,-1,6,0,0,0,0.2222222222222222,2,0,60.0,1
5,2,16,1,0,0,-1,17,0,0,0,2.5,2,0,60.0,1
5,3,20,1,0,0,-1,21,0,0,0,1.0,3,0,60.0,1
7,3,24,1,1,0,-1,25,0,0,0,1.4,3,0,0.0,1
5,3,17,1,2,0,-1,18,0,0,0,0.7142857142857143,3,0,0.0,1
6,3,23,1,0,0,0,24,0,0,0,1.2,3,0,0.0,1
7,3,28,1,1,0,-1,29,0,0,0,1.1666666666666667,3,0,0.0,1
7,4,37,1,0,0,-1,38,0,0,0,1.0,4,0,0.0,1
6,3,24,1,1,0,-1,25,0,0,0,0.8571428571428571,3,0,0.0,1
3,1,5,1,1,0,-1,6,0,0,0,0.5,1,0,0.0,1
3,2,10,1,0,0,-1,11,0,0,0,1.0,2,0,0.0,1
8,2,19,1,2,0,-1,20,1,0,0,2.6666666666666665,2,0,60.0,1
6,3,25,1,0,0,-1,26,0,0,0,0.75,3,0,0.0,1
4,3,16,1,2,0,-1,17,0,0,0,0.6666666666666666,3,0,0.0,1
7,2,21,1,1,0,-1,22,0,0,0,1.75,2,0,0.0,1
7,3,29,1,0,0,-1,30,0,0,0,1.0,3,0,0.0,1
6,2,19,1,0,0,-1,20,0,0,0,0.8571428571428571,2,0,0.0,1
6,3,23,1,0,0,-1,24,0,0,0,1.0,3,0,0.0,1
4,2,10,1,1,0,-1,11,0,0,0,0.6666666666666666,2,0,0.0,1
6,3,22,1,0,0,-1,23,0,0,0,1.5,3,0,0.0,1
9,3,31,1,1,0,-1,32,0,0,0,1.5,3,0,60.0,1
3,1,4,1,1,1,-1,5,0,0,0,0.3333333333333333,1,0,0.0,1
17,4,76,2,0,1,2,78,1,0,0,5.666666666666667,4,0,0.0,1
3,2,10,1,0,0,-1,11,0,0,0,0.17647058823529413,2,0,0.0,1
7,3,28,1,1,0,-1,29,0,0,0,2.3333333333333335,3,0,0.0,1
11,4,47,1,0,0,-1,48,0,0,0,1.5714285714285714,4,0,60.0,1
8,2,18,1,0,0,3,19,0,0,0,0.7272727272727273,2,0,0.0,1
8,4,37,1,0,0,-1,38,0,0,0,1.0,4,0,0.0,1
6,3,23,1,1,0,-1,24,0,0,0,0.75,3,0,60.0,1
4,1,8,1,1,0,-1,9,0,0,0,0.6666666666666666,1,0,0.0,1
2,1,3,1,0,0,-1,4,0,0,0,0.5,1,0,0.0,1
1,0,0,0,2,0,-1,0,0,0,0,0.5,0,0,60.0,1
1,3,5,1,0,0,-1,6,0,0,0,1.0,3,0,0.0,1
6,3,21,1,0,0,-1,22,0,0,0,6.0,3,0,0.0,1
5,3,18,1,0,0,-1,19,0,0,0,0.8333333333333334,3,0,0.0,1
1,3,5,1,0,0,-1,6,0,0,0,0.2,3,0,0.0,1
5,3,20,1,0,0,-1,21,0,0,0,5.0,3,0,0.0,1
3,4,16,1,0,0,-1,17,0,0,0,0.6,4,0,60.0,1
16,3,60,1,0,0,-1,61,0,0,0,5.333333333333333,3,0,0.0,1
7,3,30,1,0,0,-1,31,0,0,0,0.4375,3,0,0.0,1
12,3,41,1,0,0,-1,42,0,0,0,1.7142857142857142,3,0,0.0,1
6,2,15,1,0,0,-1,16,0,0,0,0.5,2,0,0.0,1
6,3,22,1,1,0,-1,23,0,0,0,1.0,3,0,0.0,1
6,3,26,1,0,0,-1,27,0,0,0,1.0,3,0,0.0,1
2,2,7,1,0,0,-1,8,0,0,0,0.3333333333333333,2,0,0.0,1
3,3,12,1,0,0,-1,13,1,0,0,1.5,3,0,60.0,1
3,3,12,1,0,0,-1,13,1,0,0,1.0,3,0,0.0,1
3,3,11,1,0,0,-1,12,0,0,0,1.0,3,0,0.0,1
3,3,11,1,0,0,-1,12,0,0,0,1.0,3,0,0.0,1
6,2,17,1,0,0,-1,18,0,0,0,2.0,2,0,0.0,1
1,0,0,0,1,0,-1,0,0,0,0,0.16666666666666666,0,0,0.0,1
9,4,48,1,0,0,-1,49,1,0,0,9.0,4,0,0.0,1
6,2,17,1,1,0,-1,18,0,0,0,0.6666666666666666,2,0,0.0,1
6,2,15,1,2,0,-1,16,0,0,0,1.0,2,0,0.0,1
1,4,8,1,0,0,1,9,0,0,0,0.16666666666666666,4,0,60.0,1
2,2,5,1,1,0,-1,6,0,0,0,2.0,2,0,0.0,1
6,3,20,1,1,0,-1,21,0,0,0,3.0,3,0,60.0,1
5,3,19,1,0,0,0,20,0,0,0,0.8333333333333334,3,0,0.0,1
8,3,27,1,0,0,0,28,0,0,0,1.6,3,0,0.0,1
7,2,20,1,0,0,0,21,0,0,0,0.875,2,0,0.0,1
1,0,0,0,1,0,-1,0,0,0,0,0.14285714285714285,0,0,60.0,1
4,4,19,1,0,0,0,20,0,0,0,4.0,4,0,0.0,1
5,3,18,1,0,0,0,19,0,0,0,1.25,3,0,0.0,1
3,1,5,1,1,0,-1,6,0,0,0,0.6,1,0,0.0,1
9,2,27,1,0,0,-1,28,1,0,0,3.0,2,0,0.0,1
2,1,3,1,1,0,-1,4,0,0,0,0.2222222222222222,1,0,0.0,1
8,2,24,1,0,0,1,25,0,0,0,4.0,2,0,0.0,1
7,3,25,1,0,0,0,26,0,0,0,0.875,3,0,60.0,1
4,4,19,1,1,0,-1,20,0,0,0,0.5714285714285714,4,0,0.0,1
13,4,52,5,1,0,3,57,0,0,0,3.25,4,0,0.0,1
9,3,36,1,0,0,-1,37,0,0,0,0.6923076923076923,3,0,0.0,1
5,3,21,1,1,0,-1,22,0,0,0,0.5555555555555556,3,0,0.0,1
6,3,23,1,0,0,-1,24,0,0,0,1.2,3,0,0.0,1
5,3,17,1,0,0,-1,18,0,0,0,0.8333333333333334,3,0,0.0,1
1,0,0,0,1,0,-1,0,0,0,0,0.2,0,0,0.0,1
3,2,10,1,0,0,-1,11,0,0,0,3.0,2,0,0.0,1
13,3,49,1,0,0,-1,50,0,0,0,4.333333333333333,3,0,0.0,1
8,2,20,1,0,0,0,21,0,0,0,0.6153846153846154,2,0,0.0,1
6,3,26,1,1,0,-1,27,0,0,0,0.75,3,0,60.0,1
1,0,0,0,1,0,-1,0,0,0,0,0.16666666666666666,0,0,0.0,1
5,3,19,1,0,0,0,20,0,0,0,5.0,3,0,0.0,1
4,3,16,1,0,0,-1,17,0,0,0,0.8,3,0,0.0,1
1,0,0,0,1,0,-1,0,0,0,0,0.25,0,0,0.0,1
4,2,9,1,1,0,-1,10,0,0,0,4.0,2,0,0.0,1
16,4,71,1,0,0,-1,72,0,0,0,4.0,4,0,0.0,1
12,4,51,1,0,0,0,52,0,0,0,0.75,4,0,0.0,1
6,3,20,1,0,0,-1,21,0,0,0,0.5,3,0,0.0,1
4,2,13,1,0,0,1,14,0,0,0,0.6666666666666666,2,0,0.0,1
5,3,19,1,0,0,0,20,0,0,0,1.25,3,0,0.0,1
7,3,27,1,0,0,-1,28,0,0,0,1.4,3,0,0.0,1
4,3,14,1,0,0,-1,15,0,0,0,0.5714285714285714,3,0,0.0,1
17,3,61,1,0,0,-1,62,0,0,0,4.25,3,0,0.0,1
6,4,33,1,0,0,-1,34,0,0,0,0.35294117647058826,4,0,60.0,1
4,3,14,1,0,0,-1,15,0,0,0,0.6666666666666666,3,0,0.0,1
5,3,19,1,0,0,-1,20,0,0,0,1.25,3,0,0.0,1
1,0,0,0,1,0,-1,0,0,0,0,0.2,0,0,0.0,1
4,3,16,1,0,0,-1,17,0,0,0,4.0,3,0,0.0,1
1,0,0,0,1,0,-1,0,0,0,0,0.25,0,0,0.0,1
4,3,14,1,0,0,-1,15,0,0,0,4.0,3,0,60.0,1
12,3,41,1,0,0,-1,42,0,0,0,3.0,3,0,0.0,1
12,3,40,1,0,0,-1,41,0,0,0,1.0,3,0,0.0,1
12,3,40,2,0,0,1,42,0,0,0,1.0,3,0,0.0,1
8,3,28,1,1,0,-1,29,0,0,0,0.6666666666666666,3,0,0.0,1
3,3,14,1,0,0,-1,15,0,0,0,0.375,3,0,0.0,1
2,2,6,1,0,0,-1,7,1,0,0,0.6666666666666666,2,0,0.0,1
7,3,27,1,0,1,-1,28,0,0,0,3.5,3,0,0.0,1
2,3,8,1,0,0,-1,9,0,0,0,0.2857142857142857,3,0,0.0,1
6,3,24,1,0,0,-1,25,0,0,0,3.0,3,0,0.0,1
4,3,14,1,0,0,-1,15,1,0,0,0.6666666666666666,3,0,0.0,1
11,3,42,1,0,0,-1,43,0,0,0,2.75,3,0,0.0,1
13,3,51,1,0,0,-1,52,0,0,0,1.1818181818181819,3,0,0.0,1
2,3,8,1,0,0,-1,9,0,0,0,0.15384615384615385,3,0,0.0,1
1,2,4,1,0,0,-1,5,0,0,0,0.5,2,0,0.0,1
3,2,10,1,0,0,-1,11,0,0,0,3.0,2,0,0.0,1
8,4,37,1,0,0,-1,38,0,0,0,2.6666666666666665,4,0,0.0,1
5,2,13,1,0,0,-1,14,0,0,0,0.625,2,0,0.0,1
2,3,8,1,0,0,-1,9,0,0,0,0.4,3,0,0.0,1
3,3,11,1,0,0,-1,12,1,0,0,1.5,3,0,0.0,1
5,2,14,1,0,0,0,15,0,0,0,1.6666666666666667,2,0,0.0,1
8,3,29,1,0,0,-1,30,0,0,0,1.6,3,0,0.0,1
6,3,20,1,0,0,-1,21,0,0,0,0.75,3,0,0.0,1
5,3,20,1,0,0,-1,21,0,0,0,0.8333333333333334,3,0,0.0,1
5,3,20,1,0,0,-1,21,0,0,0,1.0,3,0,0.0,1
8,3,30,1,0,0,-1,31,0,0,0,1.6,3,0,0.0,1
12,3,47,1,0,0,-1,48,0,0,0,1.5,3,0,0.0,1
10,3,36,1,0,0,-1,37,0,0,0,0.8333333333333334,3,0,60.0,1
4,3,17,1,0,0,-1,18,0,0,0,0.4,3,0,60.0,1
11,3,39,1,0,0,-1,40,0,0,0,2.75,3,0,0.0,1
5,2,15,1,0,0,0,16,0,0,0,0.45454545454545453,2,0,120.0,1
3,3,11,1,0,0,-1,12,0,0,0,0.6,3,0,120.0,1
14,3,52,1,0,4,-1,53,2,0,0,4.666666666666667,3,0,120.0,1
1,3,6,1,0,0,-1,7,0,0,0,0.07142857142857142,3,0,120.0,1
10,3,39,1,0,0,-1,40,0,0,0,10.0,3,0,0.0,1
13,3,47,1,0,4,-1,48,2,0,0,1.3,3,0,60.0,1
3,2,9,1,0,0,-1,10,0,0,0,0.23076923076923078,2,0,60.0,1
9,3,33,1,0,0,-1,34,0,0,0,3.0,3,0,60.0,1
5,3,20,1,0,0,-1,21,0,0,0,0.5555555555555556,3,0,60.0,1
7,4,32,1,0,0,-1,33,0,0,0,1.4,4,0,60.0,1
3,2,8,1,0,0,-1,9,0,0,0,0.42857142857142855,2,0,240.0,1
3,3,13,1,0,0,-1,14,0,0,0,1.0,3,0,0.0,1
4,3,14,1,0,0,-1,15,0,0,0,1.3333333333333333,3,0,0.0,1
4,3,14,1,0,0,-1,15,0,0,0,1.0,3,0,0.0,1
4,3,15,1,0,0,-1,16,0,0,0,1.0,3,0,0.0,1
7,3,26,1,0,0,-1,27,0,0,0,1.75,3,0,0.0,1
4,3,15,1,0,0,-1,16,0,0,0,0.5714285714285714,3,0,0.0,1
11,3,42,1,0,0,-1,43,1,0,0,2.75,3,0,0.0,1
9,3,35,1,0,0,-1,36,0,0,0,0.8181818181818182,3,0,0.0,1
14,4,59,1,0,0,-1,60,0,0,0,1.5555555555555556,4,0,0.0,1
5,3,21,1,0,0,-1,22,0,0,0,0.35714285714285715,3,0,60.0,1
8,2,23,1,1,0,-1,24,0,0,0,1.6,2,0,0.0,1
4,2,13,1,0,0,-1,14,0,0,0,0.5,2,0,0.0,1
10,3,35,1,0,0,-1,36,0,0,0,2.5,3,0,0.0,1
11,3,46,1,0,0,0,47,0,0,0,1.1,3,0,0.0,1
11,3,46,1,0,0,-1,47,0,0,0,1.0,3,0,60.0,1
5,3,19,1,1,0,0,20,0,0,0,0.45454545454545453,3,0,60.0,1
5,2,14,1,0,0,-1,15,0,0,0,1.0,2,0,60.0,1
4,4,20,1,0,0,0,21,0,0,0,0.8,4,0,0.0,1
10,3,37,1,0,0,-1,38,0,0,0,2.5,3,0,0.0,1
12,3,44,1,0,6,0,45,2,0,0,1.2,3,0,0.0,1
11,3,42,1,0,0,-1,43,0,0,0,0.9166666666666666,3,0,60.0,1
16,3,66,1,0,0,-1,67,0,0,0,1.4545454545454546,3,0,0.0,1
9,3,32,1,0,0,-1,33,0,0,0,0.5625,3,0,0.0,1
9,3,30,1,0,0,0,31,0,0,0,1.0,3,0,60.0,1
9,3,32,1,0,0,0,33,0,0,0,1.0,3,0,0.0,1
11,4,53,1,0,5,-1,54,2,0,0,1.2222222222222223,4,0,0.0,1
5,4,24,1,0,1,-1,25,0,0,0,0.45454545454545453,4,0,0.0,1
7,3,25,1,0,3,-1,26,0,0,0,1.4,3,0,60.0,1
6,2,19,1,0,3,-1,20,0,0,0,0.8571428571428571,2,0,0.0,1
10,3,41,1,0,0,-1,42,0,0,0,1.6666666666666667,3,0,0.0,1
9,3,37,1,0,4,-1,38,2,0,0,0.9,3,0,0.0,1
15,3,55,1,0,1,-1,56,0,0,0,1.6666666666666667,3,0,60.0,1
14,3,48,1,0,8,0,49,0,0,0,0.9333333333333333,3,0,0.0,1
3,3,11,1,0,1,-1,12,0,0,0,0.21428571428571427,3,0,0.0,1
23,4,95,2,0,0,0,97,0,0,0,7.666666666666667,4,0,0.0,1
2,4,11,1,0,0,-1,12,0,0,0,0.08695652173913043,4,0,0.0,1
20,4,87,2,0,0,0,89,0,0,0,10.0,4,0,0.0,1
17,4,80,1,0,0,-1,81,0,0,0,0.85,4,0,0.0,1
8,3,26,1,0,0,-1,27,1,0,0,0.47058823529411764,3,0,0.0,1
9,3,30,1,0,0,-1,31,1,0,0,1.125,3,0,0.0,1
20,4,85,2,0,0,0,87,0,0,0,2.2222222222222223,4,0,0.0,1
7,3,30,1,0,0,-1,31,0,0,0,0.35,3,0,0.0,1
16,2,48,2,0,0,2,50,2,0,0,2.2857142857142856,2,0,0.0,1
4,2,12,1,0,0,0,13,2,0,0,0.25,2,0,0.0,1
7,3,25,1,0,0,-1,26,1,0,0,1.75,3,0,60.0,1
15,2,42,1,0,4,0,43,2,0,0,2.142857142857143,2,0,60.0,1
3,1,6,1,0,0,0,7,2,0,0,0.2,1,0,60.0,1
5,3,20,1,0,2,-1,21,0,0,0,1.6666666666666667,3,0,60.0,1
3,2,9,1,0,1,0,10,0,0,0,0.6,2,0,0.0,1
17,3,66,1,0,1,0,67,2,0,0,5.666666666666667,3,0,0.0,1
9,2,21,1,0,3,0,22,2,0,0,0.5294117647058824,2,0,0.0,1
5,3,18,1,0,0,-1,19,0,0,0,0.5555555555555556,3,0,0.0,1
6,3,20,1,0,0,-1,21,0,0,0,1.2,3,0,240.0,1
9,3,30,1,0,0,-1,31,2,0,0,1.5,3,0,240.0,1
2,1,4,1,0,0,-1,5,2,0,0,0.2222222222222222,1,0,240.0,1
5,4,23,1,0,0,-1,24,0,0,0,2.5,4,0,12000.0,1
7,3,28,1,0,0,-1,29,0,0,0,1.4,3,0,0.0,1
13,3,52,1,0,0,-1,53,0,0,0,1.8571428571428572,3,0,0.0,1
7,3,24,1,0,0,-1,25,0,0,0,0.5384615384615384,3,0,0.0,1
9,4,41,1,0,0,-1,42,0,0,0,1.2857142857142858,4,0,0.0,1
18,3,64,1,0,0,-1,65,1,0,0,2.0,3,0,0.0,1
29,3,114,2,0,0,2,116,1,0,0,1.6111111111111112,3,0,60.0,1
7,3,24,1,0,0,0,25,0,0,0,0.2413793103448276,3,0,60.0,1
6,3,26,0,0,0,0,26,0,0,0,0.8571428571428571,3,0,0.0,1
9,3,33,1,0,0,-1,34,0,0,0,1.5,3,0,0.0,1
4,2,12,1,0,0,-1,13,0,0,0,0.4444444444444444,2,0,60.0,1
56,4,229,3,0,1,4,232,0,0,0,14.0,4,0,60.0,1
6,3,21,1,0,0,-1,22,0,0,0,0.10714285714285714,3,0,60.0,1
20,3,78,1,0,0,1,79,0,0,0,3.3333333333333335,3,0,120.0,1
31,3,114,2,0,3,3,116,3,0,0,1.55,3,0,0.0,1
18,3,65,2,0,6,1,67,2,0,0,0.5806451612903226,3,0,0.0,1
15,3,54,1,0,0,-1,55,1,0,0,0.8333333333333334,3,0,0.0,1
12,3,43,1,0,2,-1,44,2,0,0,0.8,3,0,0.0,1
12,3,44,1,0,0,-1,45,0,0,0,1.0,3,0,0.0,1
5,3,17,1,0,0,-1,18,0,0,0,0.4166666666666667,3,0,120.0,1
1,4,7,1,0,0,-1,8,0,0,0,0.2,4,0,0.0,1
10,3,40,1,0,0,-1,41,0,0,0,10.0,3,0,60.0,1
7,3,27,1,0,0,-1,28,0,0,0,0.7,3,0,60.0,1
7,4,31,1,0,0,-1,32,0,0,0,1.0,4,0,60.0,1
7,3,25,1,0,0,-1,26,0,0,0,1.0,3,0,60.0,1
14,3,53,1,0,0,0,54,0,0,0,2.0,3,0,0.0,1
31,3,122,2,0,0,2,124,0,0,0,2.2142857142857144,3,0,0.0,1
24,3,94,1,0,0,-1,95,0,0,0,0.7741935483870968,3,0,0.0,1
3,2,9,1,0,1,0,10,0,0,0,0.125,2,0,60.0,1
14,3,51,1,0,0,0,52,0,0,0,4.666666666666667,3,0,0.0,1
7,4,32,1,0,4,-1,33,0,0,0,0.5,4,0,60.0,1
18,4,77,2,0,3,0,79,0,0,0,2.5714285714285716,4,0,0.0,1
9,3,37,1,0,0,-1,38,0,0,0,0.5,3,0,0.0,1
19,4,78,2,0,0,0,80,0,0,0,2.111111111111111,4,0,0.0,1
14,3,48,1,0,0,-1,49,0,0,0,0.7368421052631579,3,0,0.0,1
9,3,33,1,0,0,-1,34,1,0,0,0.6428571428571429,3,0,60.0,1
19,3,72,2,0,0,1,74,0,0,0,2.111111111111111,3,0,0.0,1
14,3,55,1,0,0,-1,56,0,0,0,0.7368421052631579,3,0,0.0,1
9,3,35,1,0,0,-1,36,0,0,0,0.6428571428571429,3,0,0.0,1
22,3,80,2,0,0,3,82,1,0,0,2.4444444444444446,3,0,0.0,1
6,3,23,1,0,0,-1,24,0,0,0,0.2727272727272727,3,0,60.0,1
12,3,44,1,0,2,-1,45,0,0,0,2.0,3,0,0.0,1
11,3,37,1,0,0,-1,38,0,0,0,0.9166666666666666,3,0,0.0,1
25,3,102,1,0,0,-1,103,0,0,0,2.272727272727273,3,0,0.0,1
8,3,25,2,0,0,0,27,0,0,0,0.32,3,0,60.0,1
6,2,18,1,0,0,0,19,0,0,0,0.75,2,0,0.0,1
23,4,105,1,0,0,-1,106,0,0,0,3.8333333333333335,4,0,60.0,1
10,3,40,1,0,0,-1,41,0,0,0,0.43478260869565216,3,0,0.0,1
17,3,60,1,0,2,0,61,0,0,0,1.7,3,0,120.0,1
10,3,36,1,0,3,0,37,0,0,0,0.5882352941176471,3,0,120.0,1
24,3,81,2,0,1,1,83,0,0,0,2.4,3,0,120.0,1
5,2,14,1,0,1,-1,15,0,0,0,0.20833333333333334,2,0,120.0,1
9,2,28,1,0,0,-1,29,0,0,0,1.8,2,0,120.0,1
19,3,70,2,0,0,0,72,1,0,0,2.111111111111111,3,0,0.0,1
10,3,37,1,0,0,-1,38,0,0,0,0.5263157894736842,3,0,0.0,1
4,3,15,1,0,0,-1,16,0,0,0,0.4,3,0,0.0,1
9,3,32,1,0,0,-1,33,0,0,0,2.25,3,0,0.0,1
12,3,44,1,0,0,-1,45,0,0,0,1.3333333333333333,3,0,0.0,1
6,3,20,1,0,0,-1,21,0,0,0,0.5,3,0,0.0,1
10,3,38,1,0,0,-1,39,0,0,0,1.6666666666666667,3,0,0.0,1
11,3,37,1,0,0,0,38,1,0,0,1.1,3,0,0.0,1
3,2,8,1,0,1,0,9,0,0,0,0.2727272727272727,2,0,0.0,1
10,4,44,1,0,4,-1,45,2,0,0,3.3333333333333335,4,0,0.0,1
6,2,17,1,0,1,-1,18,2,0,0,0.6,2,0,0.0,1
23,3,93,2,0,11,2,95,2,0,0,3.8333333333333335,3,0,0.0,1
11,3,36,1,0,5,-1,37,2,0,0,0.4782608695652174,3,0,0.0,1
15,3,51,1,0,8,-1,52,5,0,0,1.3636363636363635,3,0,60.0,1
10,4,46,1,0,2,0,47,2,0,0,0.6666666666666666,4,0,0.0,1
3,2,8,1,0,1,0,9,1,0,0,0.3,2,0,0.0,1
1,1,1,1,0,0,-1,2,0,0,0,0.3333333333333333,1,0,0.0,1
5,3,17,1,0,2,-1,18,0,0,0,5.0,3,0,0.0,1
3,1,6,1,0,1,-1,7,0,0,0,0.6,1,0,0.0,1
14,3,55,1,0,5,-1,56,2,0,0,4.666666666666667,3,0,0.0,1
18,3,71,1,0,0,-1,72,1,0,0,1.2857142857142858,3,0,0.0,1
5,2,16,1,0,0,0,17,0,0,0,0.2777777777777778,2,0,60.0,1
10,2,31,1,0,4,-1,32,2,0,0,2.0,2,0,60.0,1
9,3,38,1,0,0,0,39,0,0,0,0.9,3,0,960.0,1
15,3,57,1,0,0,-1,58,0,0,0,1.6666666666666667,3,0,960.0,1
17,4,81,1,0,0,-1,82,0,0,0,1.1333333333333333,4,0,60.0,1
10,3,34,2,0,0,0,36,0,0,0,0.5882352941176471,3,0,60.0,1
3,1,6,0,0,0,0,6,0,0,0,0.3,1,0,3540.0,1
1,1,2,1,0,0,-1,3,0,0,0,0.3333333333333333,1,0,0.0,1
8,3,33,0,0,0,1,33,0,0,0,8.0,3,0,0.0,1
6,3,23,1,0,0,-1,24,0,0,0,0.75,3,0,0.0,1
6,2,18,1,0,1,-1,19,0,0,0,1.0,2,0,0.0,1
1,1,1,1,0,0,-1,2,0,0,0,0.16666666666666666,1,0,0.0,1
2,2,6,1,0,0,-1,7,0,0,0,2.0,2,0,0.0,1
3,3,12,1,0,0,0,13,0,0,0,1.5,3,0,0.0,1
3,2,7,1,1,0,-1,8,0,0,0,1.0,2,0,60.0,1
5,4,27,1,0,0,-1,28,0,0,0,1.6666666666666667,4,0,0.0,1
6,4,30,1,0,0,-1,31,0,0,0,1.2,4,0,60.0,1
13,3,48,1,0,6,-1,49,1,0,0,2.1666666666666665,3,0,0.0,1
8,2,25,1,0,0,-1,26,1,0,0,0.6153846153846154,2,0,60.0,1
1,0,0,0,1,0,-1,0,0,0,0,0.125,0,0,0.0,1
7,2,19,2,0,0,0,21,0,0,0,7.0,2,0,60.0,1
1,0,0,0,1,0,-1,0,0,0,0,0.14285714285714285,0,0,0.0,1
8,3,26,1,0,0,0,27,0,0,0,8.0,3,0,60.0,1
1,0,0,0,1,0,-1,0,0,0,0,0.125,0,0,0.0,1
9,4,39,1,1,0,-1,40,0,0,0,9.0,4,0,0.0,1
8,4,40,1,0,0,-1,41,0,0,0,0.8888888888888888,4,0,0.0,1
2,2,5,1,1,0,-1,6,0,0,0,0.25,2,0,60.0,1
12,3,44,1,1,0,-1,45,0,0,0,6.0,3,0,60.0,1
8,3,28,1,1,0,0,29,0,0,0,0.6666666666666666,3,0,60.0,1
1,2,3,1,0,0,-1,4,0,0,0,0.125,2,0,60.0,1
14,3,56,1,0,0,-1,57,0,0,0,14.0,3,0,0.0,1
3,4,16,2,0,0,0,18,0,0,0,0.21428571428571427,4,0,0.0,1
14,3,46,1,0,0,-1,47,1,0,0,4.666666666666667,3,0,0.0,1
7,2,20,1,1,0,-1,21,0,0,0,0.5,2,0,0.0,1
2,2,5,1,0,0,0,6,0,0,0,0.2857142857142857,2,0,0.0,1
11,3,43,1,0,0,-1,44,1,0,0,5.5,3,0,0.0,1
6,3,22,1,0,0,-1,23,0,0,0,0.5454545454545454,3,0,120.0,1
14,3,54,1,0,0,2,55,0,0,0,2.3333333333333335,3,0,60.0,1
1,1,2,1,0,0,0,3,0,0,0,0.07142857142857142,1,0,60.0,1
5,2,15,1,0,0,-1,16,0,0,0,5.0,2,0,60.0,1
4,3,14,1,0,0,-1,15,0,0,0,0.8,3,0,0.0,1
6,3,26,1,0,0,-1,27,0,0,0,1.5,3,0,0.0,1
1,0,0,0,2,0,-1,0,0,0,0,0.16666666666666666,0,0,0.0,1
7,3,25,1,1,0,-1,26,0,0,0,7.0,3,0,0.0,1
4,2,13,1,0,0,0,14,0,0,0,0.5714285714285714,2,0,60.0,1
3,1,6,1,1,0,-1,7,0,0,0,0.75,1,0,0.0,1
2,1,3,1,0,0,-1,4,0,0,0,0.6666666666666666,1,0,60.0,1
7,3,23,1,1,0,-1,24,2,0,0,3.5,3,0,60.0,1
8,4,37,1,0,0,0,38,0,0,0,1.1428571428571428,4,0,60.0,1
2,3,8,1,0,0,0,9,0,0,0,0.25,3,0,60.0,1
11,2,27,2,0,0,7,29,0,0,0,5.5,2,0,120.0,1
3,1,3,1,2,0,-1,4,1,0,0,0.2727272727272727,1,0,0.0,1
6,2,18,1,2,0,-1,19,0,0,0,2.0,2,0,0.0,1
8,3,29,1,0,0,-1,30,0,0,0,1.3333333333333333,3,0,60.0,1
4,2,13,1,0,2,-1,14,0,0,0,0,2,0,8040.0,0
1,2,3,1,0,0,-1,4,0,0,0,0.25,2,0,0.0,0
6,3,22,2,0,1,-1,24,0,0,0,6.0,3,0,480.0,0
6,3,22,1,0,0,-1,23,1,0,0,1.0,3,0,60.0,0
5,2,14,1,0,0,-1,15,0,0,0,0.8333333333333334,2,0,0.0,0
2,3,10,1,0,0,-1,11,0,0,0,0.4,3,0,60.0,0
15,3,50,2,0,1,0,52,2,0,0,7.5,3,0,0.0,0
1,3,5,1,0,0,-1,6,0,0,0,0.06666666666666667,3,0,0.0,0
5,2,14,1,0,0,-1,15,0,0,0,5.0,2,0,0.0,0
4,2,9,1,0,0,0,10,0,0,0,0.8,2,0,0.0,0
3,2,8,0,0,0,0,8,0,0,0,0.75,2,0,60.0,0
4,3,18,1,0,0,-1,19,0,0,0,1.3333333333333333,3,0,60.0,0
4,3,14,1,0,0,0,15,0,1,0,1.0,3,0,0.0,0
7,2,17,1,0,0,-1,18,0,0,0,1.75,2,0,0.0,0
9,2,27,2,0,0,-1,29,0,0,0,1.2857142857142858,2,0,60.0,0
12,3,42,4,0,1,-1,46,2,0,0,1.3333333333333333,3,0,0.0,0
3,2,9,1,0,0,-1,10,0,0,0,0.25,2,0,60.0,0
4,3,15,2,0,0,-1,17,0,0,0,1.3333333333333333,3,0,0.0,0
4,2,13,1,0,0,1,14,0,1,0,1.0,2,0,0.0,0
3,2,10,1,0,0,1,11,0,1,0,0.75,2,0,60.0,0
11,3,34,2,0,1,-1,36,0,0,0,3.6666666666666665,3,0,0.0,0
9,2,23,3,0,0,0,26,1,0,0,0.8181818181818182,2,0,60.0,0
4,3,14,1,0,0,0,15,0,0,0,0.4444444444444444,3,0,0.0,0
6,2,15,2,1,1,-1,17,0,0,0,1.5,2,0,0.0,0
7,5,38,2,0,0,-1,40,0,0,0,1.1666666666666667,5,0,0.0,0
1,3,5,1,0,0,-1,6,0,0,0,0.14285714285714285,3,0,60.0,0
5,3,17,1,0,0,-1,18,0,0,0,5.0,3,0,0.0,0
4,4,19,1,0,0,-1,20,0,0,0,0.8,4,0,60.0,0
9,3,35,1,0,1,-1,36,0,0,0,2.25,3,0,60.0,0
5,2,13,1,0,0,-1,14,0,0,0,0.5555555555555556,2,0,0.0,0
6,3,25,1,0,0,-1,26,0,0,0,1.2,3,0,0.0,0
7,3,29,1,0,0,-1,30,0,0,0,1.1666666666666667,3,0,0.0,0
8,2,25,1,0,0,-1,26,0,0,0,1.1428571428571428,2,0,0.0,0
4,1,8,1,0,1,-1,9,1,0,0,0.5,1,0,0.0,0
1,1,2,1,0,0,-1,3,0,0,0,0.25,1,0,780.0,0
5,2,16,1,0,0,0,17,0,0,0,5.0,2,0,8280.0,0
1,2,3,1,0,0,0,4,0,0,0,0.2,2,0,1380.0,0
1,0,0,0,1,0,-1,0,0,0,0,1.0,0,0,0.0,0
5,3,20,1,0,0,-1,21,0,0,0,5.0,3,0,480.0,0
4,3,14,1,0,0,-1,15,0,0,0,0.8,3,0,120.0,0
5,3,21,1,0,0,-1,22,0,0,0,1.25,3,0,180.0,0
7,2,20,2,0,1,-1,22,0,0,0,1.4,2,0,180.0,0
5,3,20,1,0,0,-1,21,0,0,0,0.7142857142857143,3,0,0.0,0
4,3,14,1,0,0,-1,15,0,0,0,0.8,3,0,0.0,0
5,4,26,1,0,0,-1,27,0,0,0,1.25,4,0,0.0,0
4,4,19,1,0,0,-1,20,0,0,0,0.8,4,0,0.0,0
7,3,25,1,0,0,0,26,1,0,0,1.75,3,0,60.0,0
2,2,5,1,0,0,-1,6,0,0,0,0.2857142857142857,2,0,180.0,0
5,2,16,1,0,1,0,17,0,0,0,2.5,2,0,60.0,0
6,3,23,1,0,0,-1,24,0,0,0,1.2,3,0,0.0,0
5,3,17,1,0,0,-1,18,0,0,0,0.8333333333333334,3,0,60.0,0
14,3,53,1,0,0,1,54,0,0,0,2.8,3,0,60.0,0
9,3,32,1,0,0,-1,33,0,0,0,0.6428571428571429,3,0,60.0,0
8,2,23,2,0,2,0,25,1,0,0,0.8888888888888888,2,0,60.0,0
9,3,31,0,0,0,2,31,0,0,0,1.125,3,0,0.0,0
6,3,25,1,0,0,-1,26,0,0,0,0.6666666666666666,3,0,60.0,0
2,1,4,1,0,0,0,5,0,0,0,0.3333333333333333,1,0,0.0,0
3,1,5,0,0,0,0,5,0,0,0,1.5,1,0,0.0,0
6,2,18,0,0,0,0,18,0,0,0,2.0,2,0,0.0,0
9,3,34,1,0,0,-1,35,0,0,0,1.5,3,0,0.0,0
3,2,8,1,0,0,-1,9,1,0,0,0.3333333333333333,2,0,0.0,0
6,3,23,1,0,1,-1,24,1,0,0,2.0,3,0,60.0,0
3,2,9,1,0,0,-1,10,0,0,0,0.5,2,0,0.0,0
1,1,2,1,0,0,-1,3,0,0,0,0.3333333333333333,1,0,0.0,0
4,3,17,1,0,0,-1,18,0,0,0,4.0,3,0,0.0,0
5,2,15,1,0,0,1,16,0,0,0,1.25,2,0,60.0,0
5,2,11,1,0,1,-1,12,0,0,0,1.0,2,0,60.0,0
1,1,2,1,0,0,0,3,0,0,0,0.2,1,0,0.0,0
7,2,19,1,0,0,1,20,1,0,0,7.0,2,0,60.0,0
1,2,3,1,0,0,-1,4,0,1,0,0.14285714285714285,2,0,0.0,0
7,2,20,1,3,1,-1,21,4,0,0,7.0,2,0,60.0,0
8,3,31,1,0,1,0,32,0,0,0,1.1428571428571428,3,0,0.0,0
10,2,29,1,0,1,0,30,0,0,0,1.25,2,0,0.0,0
15,3,52,2,0,1,0,54,0,0,0,1.5,3,0,0.0,0
6,3,23,3,0,0,-1,26,0,0,0,0.4,3,0,0.0,0
4,2,9,1,0,0,-1,10,0,0,0,0.6666666666666666,2,0,60.0,0
8,3,25,3,0,1,-1,28,0,0,0,2.0,3,0,60.0,0
6,3,20,1,0,0,-1,21,0,0,0,0.75,3,0,0.0,0
1,1,2,1,0,0,-1,3,0,0,0,0.16666666666666666,1,0,0.0,0
7,2,21,1,0,0,-1,22,0,0,0,7.0,2,0,0.0,0
7,3,30,1,0,0,-1,31,0,0,0,1.0,3,0,0.0,0
4,3,14,1,1,0,0,15,0,1,0,0.5714285714285714,3,0,0.0,0
7,3,23,1,0,0,-1,24,0,0,0,1.75,3,0,0.0,0
9,3,29,1,0,0,-1,30,0,0,0,1.2857142857142858,3,0,120.0,0
5,3,18,1,0,2,0,19,0,0,0,0.5555555555555556,3,0,0.0,0
4,3,15,1,0,0,-1,16,0,0,0,0.8,3,0,0.0,0
8,2,23,1,0,1,-1,24,0,0,0,2.0,2,0,0.0,0
7,2,22,1,0,0,-1,23,0,0,0,0.875,2,0,0.0,0
4,2,9,1,0,0,-1,10,0,0,0,0.5714285714285714,2,0,0.0,0
1,2,3,1,0,0,-1,4,0,1,0,0.25,2,0,0.0,0
4,3,16,1,0,0,-1,17,0,0,0,4.0,3,0,60.0,0
2,2,5,1,0,0,-1,6,0,0,0,0.5,2,0,0.0,0
4,3,16,1,0,0,-1,17,0,0,0,2.0,3,0,0.0,0
1,1,2,1,0,0,-1,3,0,0,0,0.25,1,0,0.0,0
6,2,17,1,0,1,-1,18,0,0,0,6.0,2,0,0.0,0
1,0,0,0,0,0,0,0,0,0,0,0.16666666666666666,0,0,60.0,0
3,3,12,1,0,0,-1,13,0,0,0,3.0,3,0,0.0,0
6,2,15,1,0,0,0,16,1,0,0,2.0,2,0,0.0,0
4,3,17,1,0,0,-1,18,0,0,0,0.6666666666666666,3,0,60.0,0
2,3,8,1,0,0,-1,9,0,0,0,0.5,3,0,120.0,0
4,2,9,1,0,0,-1,10,0,0,0,2.0,2,0,60.0,0
11,2,30,2,0,0,-1,32,2,0,0,2.75,2,0,0.0,0
12,3,37,6,0,0,0,43,1,0,0,1.0909090909090908,3,0,0.0,0
5,2,14,1,0,1,-1,15,1,0,0,0.4166666666666667,2,0,0.0,0
4,2,13,1,0,0,-1,14,0,0,0,0.8,2,0,0.0,0
0,0,11,1,0,0,0,0,0,0,0,0.0,0,1,5160.0,0
0,0,11,1,0,0,0,0,0,0,0,0,0,1,5160.0,0
0,0,11,1,0,0,0,0,0,0,0,0,0,1,720.0,0
5,3,19,1,0,0,-1,20,0,0,0,0,3,0,60.0,0
6,2,18,1,0,1,-1,19,1,0,0,1.2,2,0,60.0,0
1,0,0,0,3,0,-1,0,0,0,0,0.16666666666666666,0,0,25980.0,0
4,1,7,0,0,0,0,7,0,0,0,4.0,1,0,120.0,0
3,2,7,1,0,0,-1,8,0,0,0,0.75,2,0,120.0,0
1,1,2,1,0,0,-1,3,0,0,0,0.3333333333333333,1,0,180.0,0
6,2,13,2,0,0,0,15,0,0,0,6.0,2,0,0.0,0
3,1,7,0,0,0,0,7,0,0,0,0.5,1,0,60.0,0
2,5,16,1,0,0,-1,17,0,0,0,0.6666666666666666,5,0,0.0,0
2,0,2,0,0,0,1,2,0,0,0,1.0,0,0,60.0,0
8,2,20,1,0,1,0,21,0,0,0,4.0,2,0,60.0,0
2,1,3,0,0,0,1,3,0,0,0,0.25,1,0,60.0,0
5,1,10,1,0,0,0,11,0,0,0,2.5,1,0,0.0,0
3,2,9,1,0,0,-1,10,0,0,0,0.6,2,0,60.0,0
1,5,9,1,0,0,-1,10,0,0,0,0.3333333333333333,5,0,0.0,0
11,3,40,1,0,2,1,41,0,0,0,11.0,3,0,0.0,0
5,3,17,1,0,0,-1,18,2,0,0,0.45454545454545453,3,0,60.0,0
2,2,5,1,0,1,-1,6,0,0,0,0.4,2,0,60.0,0
6,3,24,1,0,0,-1,25,1,0,0,3.0,3,0,0.0,0
7,3,22,2,0,0,-1,24,1,0,0,1.1666666666666667,3,0,0.0,0
5,2,15,1,0,0,-1,16,0,0,0,0.7142857142857143,2,0,60.0,0
4,3,13,2,0,0,0,15,0,0,0,0.8,3,0,0.0,0
1,0,0,0,4,0,-1,0,0,0,0,0.25,0,0,0.0,0
7,3,23,1,0,1,-1,24,0,0,0,7.0,3,0,60.0,0
1,0,0,0,0,0,-1,0,0,0,0,0.14285714285714285,0,0,0.0,0
5,2,12,1,0,0,-1,13,0,0,0,5.0,2,0,0.0,0
1,0,0,0,1,0,-1,0,0,0,0,0.2,0,0,60.0,0
11,3,36,1,0,0,-1,37,0,0,0,11.0,3,0,0.0,0
1,0,0,0,3,0,-1,0,0,0,0,0.09090909090909091,0,0,60.0,0
4,2,13,1,0,0,-1,14,0,0,0,4.0,2,0,0.0,0
6,1,12,1,0,0,0,13,0,0,0,1.5,1,0,0.0,0
8,3,27,1,0,1,-1,28,0,0,0,1.3333333333333333,3,0,0.0,0
5,4,28,1,0,0,-1,29,0,0,0,0.625,4,0,60.0,0
1,0,0,0,4,0,-1,0,0,0,0,0.2,0,0,0.0,0
5,2,15,2,0,0,-1,17,1,0,0,5.0,2,0,0.0,0
5,2,13,1,0,0,-1,14,0,0,0,1.0,2,0,0.0,0
9,2,27,2,0,1,-1,29,0,0,0,1.8,2,0,0.0,0
3,6,23,1,0,0,-1,24,2,0,0,0.3333333333333333,6,0,0.0,0
5,3,18,1,0,0,-1,19,0,0,0,1.6666666666666667,3,0,60.0,0
7,2,18,1,0,0,0,19,0,0,0,1.4,2,0,60.0,0
6,3,21,1,0,0,-1,22,0,0,0,0.8571428571428571,3,0,180.0,0
2,1,4,1,0,1,-1,5,0,0,0,0.3333333333333333,1,0,660.0,0
6,2,17,1,0,0,-1,18,2,0,0,3.0,2,0,60.0,0
1,1,1,1,0,0,-1,2,2,0,0,0.16666666666666666,1,0,480.0,0
10,4,42,2,0,1,1,44,0,0,0,10.0,4,0,2400.0,0
5,2,15,1,0,0,-1,16,0,0,0,0.5,2,0,1080.0,0
9,3,28,2,0,0,-1,30,1,0,0,1.8,3,0,300.0,0
3,2,8,1,0,0,-1,9,0,0,0,0.3333333333333333,2,0,720.0,0
6,3,22,1,0,0,-1,23,0,0,0,2.0,3,0,0.0,0
6,4,32,1,0,0,-1,33,0,0,0,1.0,4,0,60.0,0
9,3,31,1,0,1,-1,32,1,0,0,1.5,3,0,0.0,0
1,0,0,0,3,0,-1,0,0,0,0,0.1111111111111111,0,0,0.0,0
1,0,0,0,4,0,-1,0,0,0,0,1.0,0,0,0.0,0
4,3,13,2,0,0,-1,15,0,0,0,4.0,3,0,60.0,0
1,1,2,1,0,0,-1,3,0,0,0,0.25,1,0,0.0,0
4,3,14,1,0,0,-1,15,1,0,0,4.0,3,0,0.0,0
1,0,0,0,3,0,-1,0,0,0,0,0.25,0,0,60.0,0
4,2,12,1,0,0,-1,13,0,0,0,4.0,2,0,0.0,0
5,3,19,1,0,0,-1,20,0,0,0,1.25,3,0,60.0,0
3,3,10,2,0,0,2,12,0,1,0,0.6,3,0,0.0,0
1,0,0,0,1,0,-1,0,0,0,0,0.3333333333333333,0,0,60.0,0
6,3,21,1,0,1,-1,22,0,0,0,6.0,3,0,60.0,0
1,0,0,0,1,0,-1,0,0,0,0,0.16666666666666666,0,0,60.0,0
3,2,9,1,0,0,-1,10,0,0,0,3.0,2,0,0.0,0
1,2,3,1,0,0,-1,4,0,0,0,0.3333333333333333,2,0,0.0,0
5,3,20,1,0,0,-1,21,1,0,0,5.0,3,0,0.0,0
4,2,12,1,0,0,-1,13,0,0,0,0.8,2,0,60.0,0
4,2,13,1,0,0,-1,14,0,0,0,1.0,2,0,60.0,0
1,0,0,0,0,0,-1,0,0,0,0,0.25,0,0,60.0,0
1,2,3,1,0,0,-1,4,0,0,0,1.0,2,0,240.0,0
1,0,0,0,1,0,-1,0,0,0,0,1.0,0,0,60.0,0
1,3,5,1,0,0,-1,6,0,0,0,1.0,3,0,240.0,0
4,2,12,1,0,0,-1,13,0,0,0,4.0,2,0,60.0,0
2,3,10,1,0,0,-1,11,0,0,0,0.5,3,0,60.0,0
4,2,11,1,0,0,-1,12,0,0,0,2.0,2,0,60.0,0
1,0,0,0,1,0,-1,0,0,0,0,0.25,0,0,32520.0,0
2,2,7,1,0,0,-1,8,0,1,0,2.0,2,0,5100.0,0
3,2,7,1,0,0,-1,8,0,0,0,1.5,2,0,60.0,0
2,5,14,1,0,0,-1,15,0,0,0,0.6666666666666666,5,0,60.0,0
2,2,6,0,0,0,0,6,0,0,0,1.0,2,0,1140.0,0
4,3,16,1,0,0,-1,17,0,0,0,2.0,3,0,9540.0,0
1,0,0,0,1,0,-1,0,0,0,0,0.25,0,0,60.0,0
5,3,18,1,0,0,-1,19,0,0,0,5.0,3,0,12960.0,0
1,2,3,1,0,0,-1,4,0,0,0,0.2,2,0,180.0,0
1,0,0,0,3,0,-1,0,0,0,0,1.0,0,0,120.0,0
7,2,17,1,0,0,0,18,0,0,0,7.0,2,0,60.0,0
2,1,4,1,0,0,-1,5,0,0,0,0.2857142857142857,1,0,120.0,0
3,3,11,1,0,1,-1,12,1,0,0,1.5,3,0,120.0,0
4,3,17,1,0,0,-1,18,0,0,0,1.3333333333333333,3,0,120.0,0
0,0,11,1,0,0,0,0,0,0,0,0.0,0,1,11340.0,0
1,0,0,0,3,0,-1,0,0,0,0,0,0,0,39540.0,0
3,2,9,1,0,1,-1,10,0,0,0,3.0,2,0,300.0,0
3,3,12,1,0,0,1,13,0,0,0,1.0,3,0,180.0,0
3,3,11,1,5,0,-1,12,0,0,0,1.0,3,0,1080480.0,0
4,4,20,1,0,1,-1,21,0,0,0,1.3333333333333333,4,0,1080480.0,0
1,0,0,0,0,0,1,0,0,0,0,0.25,0,0,1080480.0,0
2,1,4,1,0,0,-1,5,0,0,0,2.0,1,0,2520.0,0
2,2,7,1,0,0,-1,8,0,0,0,1.0,2,0,420.0,0
1,1,2,1,0,0,-1,3,0,0,0,0.5,1,0,60.0,0
3,2,9,1,0,0,-1,10,1,0,0,3.0,2,0,1320.0,0
3,3,11,1,0,0,-1,12,0,0,0,1.0,3,0,0.0,0
11,4,46,2,0,0,0,48,0,0,0,3.6666666666666665,4,0,6900.0,0
11,3,36,2,0,0,-1,38,0,0,0,1.0,3,0,0.0,0
13,2,37,1,0,0,0,38,2,0,0,1.1818181818181819,2,0,60.0,0
4,4,19,1,0,0,-1,20,1,0,0,0.3076923076923077,4,0,0.0,0
1,0,0,0,4,0,-1,0,0,0,0,0.25,0,0,0.0,0
1,1,2,1,4,0,-1,3,0,0,0,1.0,1,0,240.0,0
4,2,11,1,0,0,-1,12,0,0,0,4.0,2,0,60.0,0
1,0,0,0,4,0,-1,0,0,0,0,0.25,0,0,0.0,0
6,3,20,1,0,0,-1,21,1,0,0,6.0,3,0,60.0,0
3,2,9,1,4,0,-1,10,0,0,0,0.5,2,0,0.0,0
5,3,19,1,0,0,-1,20,0,0,0,1.6666666666666667,3,0,29580.0,0
5,3,18,1,0,1,-1,19,0,0,0,1.0,3,0,29580.0,0
5,2,14,1,0,3,3,15,1,1,0,1.0,2,0,120.0,0
2,2,6,1,0,0,0,7,0,0,0,0.4,2,0,0.0,0
6,2,15,2,0,1,0,17,0,0,0,3.0,2,0,0.0,0
5,3,21,1,0,0,-1,22,0,0,0,0.8333333333333334,3,0,60.0,0
3,2,8,1,0,0,-1,9,0,0,0,0.6,2,0,0.0,0
1,0,0,0,5,0,-1,0,0,0,0,0.3333333333333333,0,0,0.0,0
8,3,25,2,0,1,-1,27,0,0,0,8.0,3,0,60.0,0
8,3,28,1,0,0,-1,29,0,0,0,1.0,3,0,60.0,0
5,2,13,1,0,0,1,14,0,0,0,0.625,2,0,60.0,0
16,3,56,3,0,0,0,59,1,0,0,3.2,3,0,0.0,0
6,3,22,1,0,0,1,23,0,0,0,0.375,3,0,0.0,0
4,3,17,1,0,0,0,18,0,1,0,0.6666666666666666,3,0,0.0,0
1,2,4,1,0,0,-1,5,0,0,0,0.25,2,0,0.0,0
12,3,44,1,0,1,-1,45,0,0,0,12.0,3,0,0.0,0
1,2,3,1,0,0,-1,4,0,0,0,0.08333333333333333,2,0,0.0,0
4,2,12,1,0,1,-1,13,0,0,0,4.0,2,0,0.0,0
6,3,21,1,0,1,-1,22,0,0,0,1.5,3,0,60.0,0
7,3,22,2,0,0,-1,24,0,0,0,1.1666666666666667,3,0,60.0,0
5,3,17,1,0,1,-1,18,0,0,0,0.7142857142857143,3,0,60.0,0
9,3,32,2,4,0,-1,34,0,0,0,1.8,3,0,60.0,0
6,2,17,1,0,0,-1,18,0,0,0,0.6666666666666666,2,0,60.0,0
7,3,28,1,0,0,0,29,1,0,0,1.1666666666666667,3,0,0.0,0
5,2,16,1,4,0,-1,17,0,0,0,0.7142857142857143,2,0,60.0,0
4,3,15,2,0,0,-1,17,0,0,0,0.8,3,0,0.0,0
1,1,2,1,0,0,-1,3,0,0,0,0.25,1,0,0.0,0
6,3,22,1,0,0,-1,23,0,0,0,6.0,3,0,60.0,0
1,1,2,1,0,0,-1,3,0,0,0,0.16666666666666666,1,0,0.0,0
7,3,24,3,0,0,-1,27,0,0,0,7.0,3,0,0.0,0
5,3,21,1,0,0,-1,22,0,0,0,0.7142857142857143,3,0,0.0,0
5,3,17,1,0,0,-1,18,0,0,0,1.0,3,0,0.0,0
3,4,15,1,4,0,-1,16,0,0,0,0.6,4,0,0.0,0
5,2,15,1,0,1,-1,16,0,0,0,1.6666666666666667,2,0,0.0,0
8,2,21,5,0,0,-1,26,1,0,0,1.6,2,0,0.0,0
6,2,18,1,0,0,-1,19,0,0,0,0.75,2,0,0.0,0
3,2,9,1,0,0,-1,10,0,0,0,0.5,2,0,0.0,0
10,3,36,2,0,1,-1,38,1,0,0,3.3333333333333335,3,0,0.0,0
2,4,11,1,0,0,1,12,0,0,0,0.2,4,0,60.0,0
1,0,0,0,3,0,-1,0,0,0,0,0.5,0,0,0.0,0
9,3,36,2,0,0,-1,38,1,0,0,9.0,3,0,0.0,0
5,2,15,1,0,0,-1,16,0,0,0,0.5555555555555556,2,0,0.0,0
1,0,0,0,3,0,-1,0,0,0,0,0.2,0,0,60.0,0
6,3,21,2,0,1,-1,23,0,0,0,6.0,3,0,0.0,0
11,4,49,1,0,0,-1,50,0,0,0,1.8333333333333333,4,0,0.0,0
1,0,0,0,5,0,-1,0,0,0,0,0.09090909090909091,0,0,0.0,0
10,3,33,1,0,1,-1,34,0,0,0,10.0,3,0,60.0,0
5,2,15,1,0,0,-1,16,0,0,0,0.5,2,0,0.0,0
4,2,12,1,0,0,-1,13,0,0,0,0.8,2,0,0.0,0
10,3,34,1,0,0,-1,35,0,0,0,2.5,3,0,0.0,0
1,3,6,1,0,0,-1,7,0,0,0,0.1,3,0,60.0,0
1,0,0,0,5,0,-1,0,0,0,0,1.0,0,0,0.0,0
3,2,9,1,0,0,-1,10,0,0,0,3.0,2,0,0.0,0
8,3,29,1,0,0,-1,30,0,0,0,2.6666666666666665,3,0,60.0,0
1,4,8,1,0,0,-1,9,0,0,0,0.125,4,0,0.0,0
3,2,8,1,0,0,-1,9,0,0,0,3.0,2,0,0.0,0
8,3,26,4,0,0,-1,30,0,0,0,2.6666666666666665,3,0,0.0,0
12,3,44,2,0,2,-1,46,2,0,0,1.5,3,0,0.0,0
10,2,26,2,0,0,-1,28,0,0,0,0.8333333333333334,2,0,60.0,0
2,4,13,1,0,0,2,14,0,1,0,0.2,4,0,60.0,0
10,3,31,2,0,0,0,33,0,0,0,5.0,3,0,0.0,0
2,2,6,0,0,0,0,6,0,0,0,0.2,2,0,0.0,0
6,6,43,1,0,0,-1,44,0,0,0,3.0,6,0,0.0,0
5,3,18,1,0,1,-1,19,0,0,0,0.8333333333333334,3,0,0.0,0
5,1,10,1,0,0,-1,11,1,0,0,1.0,1,0,60.0,0
6,3,24,1,0,0,-1,25,0,0,0,1.2,3,0,60.0,0
4,3,14,1,4,0,-1,15,0,0,0,0.6666666666666666,3,0,0.0,0
7,3,28,1,0,0,-1,29,0,0,0,1.75,3,0,120.0,0
19,3,73,1,0,0,1,74,1,0,0,2.7142857142857144,3,0,0.0,0
7,3,25,1,0,0,-1,26,1,0,0,0.3684210526315789,3,0,0.0,0
14,3,49,1,0,0,-1,50,1,0,0,2.0,3,0,60.0,0
1,0,0,0,4,0,-1,0,0,0,0,0.07142857142857142,0,0,60.0,0
5,4,25,1,0,0,-1,26,0,0,0,5.0,4,0,0.0,0
2,7,21,1,0,0,-1,22,0,0,0,0.4,7,0,60.0,0
2,2,6,1,0,0,-1,7,0,0,0,1.0,2,0,60.0,0
2,2,7,1,0,0,-1,8,0,0,0,1.0,2,0,60.0,0
1,0,0,0,5,0,-1,0,0,0,0,0.5,0,0,60.0,0
1,0,0,0,0,0,-1,0,0,0,0,1.0,0,0,60.0,0
1,1,2,1,0,0,-1,3,0,0,0,1.0,1,0,60.0,0
1,1,2,1,0,0,-1,3,0,0,0,1.0,1,0,0.0,0
5,3,20,1,0,0,-1,21,0,0,0,5.0,3,0,60.0,0
8,3,33,2,0,0,-1,35,0,0,0,1.6,3,0,0.0,0
11,2,32,1,0,1,0,33,0,0,0,1.375,2,0,60.0,0
1,0,0,0,3,0,-1,0,0,0,0,0.09090909090909091,0,0,120.0,0
6,3,21,1,0,0,-1,22,1,0,0,6.0,3,0,0.0,0
29,4,136,1,0,2,6,137,0,1,0,4.833333333333333,4,0,60.0,0
6,3,22,1,0,0,-1,23,1,0,0,0.20689655172413793,3,0,60.0,0
6,4,27,1,0,0,-1,28,0,0,0,1.0,4,0,60.0,0
3,2,9,1,4,0,-1,10,0,0,0,0.5,2,0,60.0,0
7,3,29,2,0,0,-1,31,0,0,0,2.3333333333333335,3,0,60.0,0
6,4,31,1,0,0,1,32,0,0,0,0.8571428571428571,4,0,120.0,0
3,4,15,1,0,0,-1,16,0,0,0,0.5,4,0,0.0,0
10,2,30,2,0,0,-1,32,0,0,0,3.3333333333333335,2,0,60.0,0
10,3,36,1,0,2,-1,37,1,0,0,1.0,3,0,60.0,0
5,3,21,1,0,0,-1,22,0,0,0,0.5,3,0,60.0,0
1,0,0,0,3,0,-1,0,0,0,0,0.2,0,0,0.0,0
7,3,25,1,0,1,-1,26,0,0,0,7.0,3,0,0.0,0
1,1,1,1,0,0,-1,2,0,0,0,0.14285714285714285,1,0,60.0,0
5,2,14,0,0,0,0,14,0,0,0,5.0,2,0,0.0,0
1,0,0,0,4,0,-1,0,0,0,0,0.2,0,0,60.0,0
5,3,17,1,0,0,-1,18,0,0,0,5.0,3,0,0.0,0
2,2,7,1,0,0,-1,8,0,0,0,0.4,2,0,180.0,0
5,3,18,0,0,0,-1,18,0,0,0,2.5,3,0,0.0,0
1,1,2,1,0,0,-1,3,0,0,0,0.2,1,0,60.0,0
5,2,16,1,0,0,-1,17,0,0,0,5.0,2,0,60.0,0
1,0,0,0,3,0,-1,0,0,0,0,0.2,0,0,60.0,0
8,3,27,1,4,0,-1,28,0,0,0,8.0,3,0,0.0,0
10,3,34,2,0,0,1,36,1,0,0,1.25,3,0,0.0,0
3,1,5,0,0,0,1,5,1,0,0,0.3,1,0,60.0,0
3,3,12,1,0,0,-1,13,0,0,0,1.0,3,0,60.0,0
5,2,15,2,0,1,0,17,0,0,0,1.6666666666666667,2,0,0.0,0
13,3,48,1,0,0,-1,49,0,0,0,2.6,3,0,60.0,0
1,0,0,0,3,0,-1,0,0,0,0,0.07692307692307693,0,0,0.0,0
4,2,13,1,0,0,-1,14,0,0,0,4.0,2,0,60.0,0
6,3,26,1,0,0,-1,27,1,0,0,1.5,3,0,0.0,0
8,3,31,2,0,1,-1,33,0,0,0,1.3333333333333333,3,0,0.0,0
17,3,59,2,0,1,0,61,1,0,0,2.125,3,0,60.0,0
10,3,41,2,0,0,-1,43,0,0,0,0.5882352941176471,3,0,0.0,0
7,3,26,2,0,0,-1,28,1,0,0,0.7,3,0,0.0,0
4,3,16,1,0,0,-1,17,0,0,0,0.5714285714285714,3,0,60.0,0
16,3,65,2,0,0,1,67,0,0,0,4.0,3,0,0.0,0
11,3,35,1,0,1,1,36,0,0,0,0.6875,3,0,0.0,0
2,2,5,1,0,1,-1,6,0,0,0,0.18181818181818182,2,0,0.0,0
11,3,39,1,0,0,-1,40,0,0,0,5.5,3,0,0.0,0
7,4,32,1,0,0,-1,33,0,0,0,0.6363636363636364,4,0,60.0,0
6,4,27,1,0,0,-1,28,0,0,0,0.8571428571428571,4,0,0.0,0
5,3,20,1,0,0,-1,21,0,0,0,0.8333333333333334,3,0,60.0,0
4,2,10,1,0,1,-1,11,0,0,0,0.8,2,0,0.0,0
1,2,3,1,0,0,-1,4,0,0,0,0.25,2,0,120.0,0
8,3,29,2,0,0,-1,31,0,0,0,8.0,3,0,120.0,0
2,2,5,1,0,0,-1,6,0,0,0,0.25,2,0,0.0,0
7,2,18,1,0,1,-1,19,0,0,0,3.5,2,0,0.0,0
4,2,13,1,0,0,-1,14,0,0,0,0.5714285714285714,2,0,0.0,0
2,2,5,1,0,0,-1,6,0,0,0,0.5,2,0,60.0,0
3,2,9,1,0,0,-1,10,0,0,0,1.5,2,0,36960.0,0
7,3,23,3,0,0,0,26,0,0,0,2.3333333333333335,3,0,1800.0,0
4,3,15,1,0,0,-1,16,0,0,0,0.5714285714285714,3,0,0.0,0
2,2,6,1,0,0,-1,7,0,0,0,0.5,2,0,0.0,0
1,0,0,0,4,0,-1,0,0,0,0,0.5,0,0,0.0,0
5,2,15,1,0,0,-1,16,0,0,0,5.0,2,0,0.0,0
3,2,8,1,0,0,-1,9,0,0,0,0.6,2,0,0.0,0
3,2,9,1,0,0,-1,10,0,0,0,1.0,2,0,0.0,0
3,2,8,1,0,0,-1,9,0,0,0,1.0,2,0,0.0,0
2,4,13,1,0,0,-1,14,0,0,0,0.6666666666666666,4,0,0.0,0
1,0,0,0,4,0,-1,0,0,0,0,0.5,0,0,60.0,0
1,1,2,1,4,0,-1,3,0,0,0,1.0,1,0,0.0,0
2,0,2,0,0,0,1,2,1,0,0,2.0,0,0,60.0,0
1,2,4,0,0,0,1,4,0,0,0,0.5,2,0,0.0,0
2,3,9,1,0,0,-1,10,0,0,0,2.0,3,0,60.0,0
2,2,7,1,0,0,-1,8,0,0,0,1.0,2,0,0.0,0
2,2,6,1,0,0,-1,7,0,0,0,1.0,2,0,0.0,0
3,2,8,1,0,0,-1,9,0,0,0,1.5,2,0,0.0,0
7,3,26,2,0,0,-1,28,0,0,0,2.3333333333333335,3,0,0.0,0
3,3,12,1,0,0,-1,13,0,0,0,0.42857142857142855,3,0,0.0,0
1,0,0,0,2,0,-1,0,0,0,0,0.3333333333333333,0,0,60.0,0
1,1,1,1,0,0,-1,2,0,0,0,1.0,1,0,0.0,0
1,1,1,1,0,0,-1,2,0,0,0,1.0,1,0,0.0,0
1,0,0,0,1,0,-1,0,0,0,0,1.0,0,0,0.0,0
2,2,6,1,0,0,-1,7,0,0,0,2.0,2,0,0.0,0
5,3,18,1,1,0,-1,19,0,0,0,2.5,3,0,0.0,0
5,2,15,1,0,0,-1,16,0,0,0,1.0,2,0,0.0,0
1,1,1,1,0,0,-1,2,0,0,0,0.2,1,0,0.0,0
1,0,0,0,1,0,-1,0,0,0,0,1.0,0,0,0.0,0
6,3,20,1,0,0,-1,21,0,0,0,6.0,3,0,0.0,0
1,0,0,0,3,0,-1,0,0,0,0,0.16666666666666666,0,0,0.0,0
6,3,21,2,0,0,-1,23,0,0,0,6.0,3,0,0.0,0
1,0,0,0,3,0,-1,0,0,0,0,0.16666666666666666,0,0,0.0,0
1,0,0,0,2,0,-1,0,0,0,0,1.0,0,0,60.0,0
1,0,0,0,1,0,-1,0,0,0,0,1.0,0,0,0.0,0
2,1,3,1,0,1,-1,4,0,0,0,2.0,1,0,0.0,0
1,0,0,0,3,0,-1,0,0,0,0,0.5,0,0,60.0,0
6,1,11,2,0,0,-1,13,0,0,0,6.0,1,0,0.0,0
1,3,5,1,0,0,-1,6,0,1,0,0.16666666666666666,3,0,0.0,0
1,4,7,1,0,0,-1,8,0,1,0,1.0,4,0,0.0,0
1,1,1,1,0,0,-1,2,2,0,0,1.0,1,0,0.0,0
1,1,1,1,0,0,-1,2,2,0,0,1.0,1,0,0.0,0
1,1,1,1,0,0,-1,2,2,0,0,1.0,1,0,0.0,0
3,2,9,1,0,0,-1,10,0,0,0,3.0,2,0,0.0,0
2,2,5,1,0,0,-1,6,0,0,0,0.6666666666666666,2,0,0.0,0
5,2,15,1,0,0,-1,16,0,0,0,2.5,2,0,0.0,0
1,0,0,0,3,0,-1,0,0,0,0,0.2,0,0,0.0,0
4,2,11,1,0,0,-1,12,0,0,0,4.0,2,0,0.0,0
1,0,0,0,3,0,-1,0,0,0,0,0.25,0,0,0.0,0
1,3,6,1,0,0,-1,7,0,0,0,1.0,3,0,0.0,0
2,3,8,2,0,0,-1,10,0,0,0,2.0,3,0,0.0,0
4,2,8,2,0,0,-1,10,0,0,0,2.0,2,0,0.0,0
4,2,10,2,0,0,-1,12,1,0,0,1.0,2,0,0.0,0
1,0,0,0,3,0,-1,0,0,0,0,0.25,0,0,0.0,0
3,2,8,1,0,0,-1,9,0,0,0,3.0,2,0,0.0,0
2,1,2,1,0,0,-1,3,1,0,0,0.6666666666666666,1,0,0.0,0
2,4,12,1,0,0,-1,13,0,0,0,1.0,4,0,1320.0,0
1,0,0,0,4,0,-1,0,0,0,0,0.5,0,0,3780.0,0
7,3,22,2,0,1,-1,24,0,0,0,7.0,3,0,3780.0,0
7,2,22,1,0,0,-1,23,0,0,0,1.0,2,0,0.0,0
6,3,21,1,0,1,-1,22,0,0,0,0.8571428571428571,3,0,0.0,0
1,0,0,0,3,0,-1,0,0,0,0,0.16666666666666666,0,0,0.0,0
7,3,23,1,0,0,-1,24,0,0,0,7.0,3,0,0.0,0
1,0,0,0,4,0,-1,0,0,0,0,0.14285714285714285,0,0,0.0,0
3,1,5,1,0,0,-1,6,0,0,0,3.0,1,0,0.0,0
6,3,22,1,0,1,-1,23,0,0,0,2.0,3,0,60.0,0
1,0,0,0,3,0,-1,0,0,0,0,0.16666666666666666,0,0,0.0,0
3,3,11,2,0,0,-1,13,0,0,0,3.0,3,0,60.0,0
3,3,11,1,0,0,-1,12,0,0,0,1.0,3,0,60.0,0
7,3,24,1,0,1,-1,25,0,0,0,2.3333333333333335,3,0,0.0,0
7,3,23,1,0,0,-1,24,0,0,0,1.0,3,0,60.0,0
3,4,15,1,0,0,-1,16,0,0,0,0.42857142857142855,4,0,0.0,0
2,3,10,1,0,0,-1,11,0,0,0,0.6666666666666666,3,0,0.0,0
4,2,10,1,0,1,-1,11,0,0,0,2.0,2,0,0.0,0
3,2,9,1,0,0,-1,10,0,0,0,0.75,2,0,0.0,0
1,2,3,1,5,0,-1,4,0,0,0,0.3333333333333333,2,0,0.0,0
5,3,20,1,0,1,-1,21,0,0,0,5.0,3,0,0.0,0
7,2,22,1,0,1,1,23,0,0,0,1.4,2,0,0.0,0
6,2,19,1,0,0,2,20,0,1,0,0.8571428571428571,2,0,0.0,0
2,2,5,1,0,1,-1,6,0,0,0,0.3333333333333333,2,0,0.0,0
3,2,8,1,0,0,-1,9,0,0,0,1.5,2,0,60.0,0
7,3,26,3,0,0,-1,29,0,0,0,2.3333333333333335,3,0,0.0,0
5,2,15,1,0,2,0,16,0,0,0,0.7142857142857143,2,0,0.0,0
4,3,16,1,0,0,-1,17,0,0,0,0.8,3,0,0.0,0
5,4,25,1,0,0,-1,26,0,0,0,1.25,4,0,60.0,0
3,3,12,1,0,0,-1,13,0,0,0,0.6,3,0,0.0,0
3,2,10,1,0,0,-1,11,0,0,0,1.0,2,0,0.0,0
5,3,23,0,0,0,1,23,0,0,0,1.6666666666666667,3,0,0.0,0
9,4,39,1,0,0,0,40,0,0,0,1.8,4,0,0.0,0
1,0,0,0,4,0,-1,0,0,0,0,0.1111111111111111,0,0,60.0,0
13,2,35,1,0,0,-1,36,1,0,0,13.0,2,0,0.0,0
7,3,29,1,0,0,-1,30,0,0,0,0.5384615384615384,3,0,0.0,0
2,2,5,1,0,1,-1,6,0,0,0,0.2857142857142857,2,0,0.0,0
5,2,15,1,0,0,-1,16,0,0,0,2.5,2,0,0.0,0
11,3,39,1,0,0,-1,40,1,0,0,2.2,3,0,60.0,0
8,3,26,1,0,0,-1,27,0,0,0,0.7272727272727273,3,0,0.0,0
12,3,46,3,0,0,-1,49,0,0,0,1.5,3,0,60.0,0
1,4,7,1,0,0,-1,8,0,0,0,0.08333333333333333,4,0,0.0,0
5,2,14,1,0,0,-1,15,0,0,0,5.0,2,0,0.0,0
3,4,15,1,0,0,-1,16,0,0,0,0.6,4,0,0.0,0
3,4,16,1,0,0,-1,17,0,0,0,1.0,4,0,0.0,0
4,3,15,1,0,0,-1,16,0,0,0,1.3333333333333333,3,0,60.0,0
1,2,3,1,0,0,0,4,0,0,0,0.25,2,0,60.0,0
4,2,13,1,0,1,-1,14,0,0,0,4.0,2,0,0.0,0
7,4,36,2,0,0,-1,38,1,0,0,1.75,4,0,0.0,0
4,4,20,1,0,0,-1,21,0,0,0,0.5714285714285714,4,0,0.0,0
10,3,34,2,0,0,-1,36,1,0,0,2.5,3,0,0.0,0
4,3,16,1,0,0,-1,17,0,0,0,0.4,3,0,0.0,0
9,3,30,2,0,1,-1,32,1,0,0,2.25,3,0,60.0,0
2,2,6,1,3,0,-1,7,0,0,0,0.2222222222222222,2,0,0.0,0
7,3,24,1,0,1,-1,25,0,0,0,3.5,3,0,0.0,0
7,3,23,1,0,0,-1,24,0,0,0,1.0,3,0,0.0,0
2,4,11,1,0,0,0,12,0,0,0,0.2857142857142857,4,0,0.0,0
3,4,15,1,0,0,-1,16,0,0,0,1.5,4,0,0.0,0
3,3,13,1,0,1,-1,14,0,0,0,1.0,3,0,60.0,0
4,2,13,0,0,0,1,13,0,0,0,1.3333333333333333,2,0,0.0,0
3,2,9,1,0,0,-1,10,0,0,0,0.75,2,0,0.0,0
9,3,36,1,0,1,-1,37,0,0,0,3.0,3,0,0.0,0
9,2,27,1,0,1,-1,28,0,0,0,1.0,2,0,0.0,0
6,3,21,1,0,0,-1,22,0,0,0,0.6666666666666666,3,0,0.0,0
9,3,32,1,0,0,-1,33,0,0,0,1.5,3,0,0.0,0
5,2,15,1,0,0,-1,16,1,0,0,0.5555555555555556,2,0,0.0,0
4,2,12,1,0,0,-1,13,0,0,0,0.8,2,0,60.0,0
1,2,3,1,0,0,-1,4,0,0,0,0.25,2,0,0.0,0
12,3,37,2,0,1,0,39,0,0,0,12.0,3,0,0.0,0
9,3,30,3,0,0,-1,33,0,0,0,0.75,3,0,0.0,0
3,3,13,1,0,0,-1,14,0,0,0,0.3333333333333333,3,0,0.0,0
4,2,11,1,0,1,-1,12,0,0,0,1.3333333333333333,2,0,60.0,0
6,3,21,1,0,0,-1,22,0,0,0,1.5,3,0,0.0,0
1,0,0,0,7,0,-1,0,0,0,0,0.16666666666666666,0,0,0.0,0
5,2,15,1,0,0,-1,16,0,0,0,5.0,2,0,60.0,0
5,2,14,1,0,1,-1,15,1,0,0,1.0,2,0,0.0,0
6,2,18,1,0,1,-1,19,2,0,0,1.2,2,0,0.0,0
1,0,0,0,4,0,-1,0,0,0,0,0.16666666666666666,0,0,0.0,0
7,3,24,1,0,1,-1,25,0,0,0,7.0,3,0,0.0,0
1,4,8,1,0,0,-1,9,0,0,0,0.14285714285714285,4,0,0.0,0
6,3,26,1,0,0,-1,27,0,0,0,6.0,3,0,0.0,0
2,3,8,1,0,0,-1,9,0,0,0,0.3333333333333333,3,0,0.0,0
7,3,30,1,0,0,-1,31,0,0,0,3.5,3,0,60.0,0
7,4,31,1,0,0,-1,32,0,0,0,1.0,4,0,0.0,0
14,3,52,2,0,0,1,54,0,0,0,2.0,3,0,0.0,0
5,3,21,1,0,0,-1,22,0,0,0,0.35714285714285715,3,0,0.0,0
5,3,19,1,0,0,-1,20,0,0,0,1.0,3,0,60.0,0
3,3,11,1,0,0,-1,12,0,0,0,0.6,3,0,0.0,0
3,4,17,1,0,0,-1,18,0,0,0,1.0,4,0,0.0,0
5,3,17,1,0,1,-1,18,0,0,0,1.6666666666666667,3,0,0.0,0
5,3,19,1,0,0,-1,20,0,0,0,1.0,3,0,0.0,0
6,2,17,1,0,0,-1,18,0,0,0,1.2,2,0,0.0,0
15,3,54,2,0,1,-1,56,1,0,0,2.5,3,0,0.0,0
7,3,24,2,0,0,-1,26,0,0,0,0.4666666666666667,3,0,0.0,0
2,2,6,1,0,0,-1,7,0,0,0,0.2857142857142857,2,0,0.0,0
2,3,10,1,0,0,-1,11,0,0,0,1.0,3,0,0.0,0
1,2,3,1,0,0,-1,4,0,0,0,0.5,2,0,0.0,0
5,2,16,1,0,0,-1,17,0,0,0,5.0,2,0,0.0,0
6,3,21,1,0,0,0,22,0,0,0,1.2,3,0,0.0,0
1,0,0,0,3,0,-1,0,0,0,0,0.16666666666666666,0,0,0.0,0
6,3,24,1,0,0,-1,25,0,0,0,6.0,3,0,0.0,0
5,3,17,1,0,0,0,18,0,0,0,0.8333333333333334,3,0,0.0,0
5,3,20,1,0,0,-1,21,0,0,0,1.0,3,0,0.0,0
3,3,12,1,0,0,-1,13,0,0,0,0.6,3,0,0.0,0
1,0,0,0,3,0,-1,0,0,0,0,0.3333333333333333,0,0,0.0,0
3,3,11,1,0,0,-1,12,0,0,0,3.0,3,0,0.0,0
1,2,3,1,0,0,-1,4,0,0,0,0.3333333333333333,2,0,0.0,0
11,3,44,2,0,0,-1,46,1,0,0,11.0,3,0,0.0,0
3,2,10,1,0,0,-1,11,0,0,0,0.2727272727272727,2,0,0.0,0
7,4,31,1,0,0,-1,32,0,0,0,2.3333333333333335,4,0,0.0,0
5,3,17,1,0,0,-1,18,2,0,0,0.7142857142857143,3,0,0.0,0
3,3,13,1,0,0,0,14,1,0,0,0.6,3,0,0.0,0
4,1,7,1,0,3,-1,8,0,0,0,1.3333333333333333,1,0,0.0,0
6,3,22,1,0,0,1,23,1,0,0,1.5,3,0,0.0,0
7,3,29,1,0,0,-1,30,0,0,0,1.1666666666666667,3,0,0.0,0
1,4,8,1,0,0,-1,9,0,0,0,0.14285714285714285,4,0,0.0,0
5,2,12,2,0,1,-1,14,0,0,0,5.0,2,0,0.0,0
1,1,2,1,0,0,-1,3,0,0,0,0.2,1,0,0.0,0
3,3,12,1,0,0,1,13,1,0,0,3.0,3,0,0.0,0
2,3,9,1,0,0,-1,10,0,0,0,0.6666666666666666,3,0,0.0,0
5,2,15,0,0,1,0,15,0,0,0,2.5,2,0,60.0,0
10,3,41,1,0,0,1,42,1,0,0,2.0,3,0,120.0,0
3,3,13,1,0,0,-1,14,0,0,0,0.3,3,0,0.0,0
10,3,39,1,0,1,-1,40,0,0,0,3.3333333333333335,3,0,60.0,0
4,2,12,1,0,0,-1,13,0,0,0,0.4,2,0,0.0,0
4,2,11,2,0,0,-1,13,0,0,0,1.0,2,0,0.0,0
5,3,21,1,0,1,0,22,0,0,0,1.25,3,0,0.0,0
3,3,13,2,0,0,-1,15,0,0,0,0.6,3,0,0.0,0
3,3,11,1,0,0,-1,12,1,0,0,1.0,3,0,60.0,0
2,2,6,1,0,0,-1,7,0,0,0,0.6666666666666666,2,0,0.0,0
9,3,30,1,0,1,-1,31,0,0,0,4.5,3,0,0.0,0
1,0,0,0,3,0,-1,0,0,0,0,0.1111111111111111,0,0,0.0,0
14,4,59,1,0,0,1,60,1,0,0,14.0,4,0,0.0,0
12,3,46,1,0,0,-1,47,0,0,0,0.8571428571428571,3,0,0.0,0
8,3,29,1,0,0,-1,30,0,0,0,0.6666666666666666,3,0,60.0,0
4,3,14,1,0,1,-1,15,0,0,0,0.5,3,0,0.0,0
3,3,11,1,0,0,-1,12,0,0,0,0.75,3,0,0.0,0
4,2,12,1,0,1,-1,13,0,0,0,1.3333333333333333,2,0,60.0,0
10,2,28,2,0,0,1,30,0,0,0,2.5,2,0,0.0,0
6,3,23,1,0,0,-1,24,0,0,0,0.6,3,0,0.0,0
3,3,13,1,0,0,-1,14,0,0,0,0.5,3,0,60.0,0
9,3,35,1,0,1,-1,36,1,0,0,3.0,3,0,0.0,0
10,3,34,3,0,0,-1,37,0,0,0,1.1111111111111112,3,0,0.0,0
5,3,17,1,0,2,-1,18,0,0,0,0.5,3,0,0.0,0
12,3,45,2,0,1,-1,47,0,0,0,2.4,3,0,60.0,0
7,3,24,1,0,0,-1,25,0,0,0,0.5833333333333334,3,0,60.0,0
13,3,44,1,0,7,-1,45,4,0,0,1.8571428571428572,3,0,60.0,0
14,3,56,1,0,6,2,57,3,0,0,1.0769230769230769,3,0,60.0,0
9,2,28,1,0,5,0,29,0,0,0,0.6428571428571429,2,0,0.0,0
6,2,19,1,0,4,-1,20,2,0,0,0.6666666666666666,2,0,0.0,0
6,4,27,1,0,0,-1,28,0,0,0,1.0,4,0,0.0,0
27,3,102,4,0,4,2,106,2,0,0,4.5,3,0,0.0,0
23,3,83,2,0,1,1,85,1,0,0,0.8518518518518519,3,0,0.0,0
5,3,17,1,0,0,-1,18,1,0,0,0.21739130434782608,3,0,0.0,0
5,4,26,1,0,0,-1,27,0,0,0,1.0,4,0,0.0,0
12,3,48,2,0,0,-1,50,0,0,0,2.4,3,0,0.0,0
5,4,26,1,0,0,-1,27,0,0,0,0.4166666666666667,4,0,60.0,0
7,3,24,1,0,0,-1,25,0,0,0,1.4,3,0,60.0,0
3,3,12,1,0,0,-1,13,0,0,0,0.42857142857142855,3,0,0.0,0
24,3,90,3,0,3,5,93,2,0,0,8.0,3,0,0.0,0
14,3,55,1,0,1,0,56,2,0,0,0.5833333333333334,3,0,0.0,0
12,2,30,3,0,1,1,33,6,0,0,0.8571428571428571,2,0,0.0,0
14,3,44,2,0,7,0,46,2,0,0,1.1666666666666667,3,0,60.0,0
2,3,8,1,0,0,-1,9,0,0,0,0.14285714285714285,3,0,0.0,0
3,3,13,1,0,0,-1,14,2,0,0,1.5,3,0,60.0,0
5,2,16,1,0,0,-1,17,0,0,0,1.6666666666666667,2,0,0.0,0
6,2,17,1,0,2,-1,18,0,0,0,1.2,2,0,0.0,0
11,3,34,2,0,3,-1,36,0,0,0,1.8333333333333333,3,0,0.0,0
10,2,29,1,0,0,-1,30,2,0,0,0.9090909090909091,2,0,0.0,0
21,3,76,3,0,0,0,79,3,0,0,2.1,3,0,0.0,0
10,3,42,1,0,4,0,43,2,0,0,0.47619047619047616,3,0,0.0,0
5,3,16,3,0,0,-1,19,0,0,0,0.5,3,0,0.0,0
5,3,21,1,0,2,-1,22,0,0,0,1.0,3,0,240.0,0
19,4,79,3,0,0,1,82,0,0,0,3.8,4,0,12000.0,0
9,3,34,1,0,0,-1,35,0,0,0,0.47368421052631576,3,0,0.0,0
7,2,20,2,0,2,-1,22,0,0,0,0.7777777777777778,2,0,0.0,0
5,4,26,1,0,0,-1,27,0,0,0,0.7142857142857143,4,0,0.0,0
14,3,48,1,0,0,-1,49,0,0,0,2.8,3,0,0.0,0
5,2,15,1,0,0,-1,16,0,0,0,0.35714285714285715,2,0,60.0,0
8,3,28,3,0,0,0,31,0,0,0,1.6,3,0,0.0,0
5,2,10,2,0,1,-1,12,0,0,0,0.625,2,0,0.0,0
4,2,13,1,0,0,-1,14,0,0,0,0.8,2,0,0.0,0
7,1,13,2,0,3,-1,15,2,0,0,1.75,1,0,0.0,0
4,3,16,1,0,1,-1,17,0,0,0,0.5714285714285714,3,0,60.0,0
24,3,72,4,0,4,2,76,0,0,0,6.0,3,0,120.0,0
11,3,45,2,0,0,-1,47,0,0,0,0.4583333333333333,3,0,0.0,0
5,2,15,1,0,0,-1,16,0,0,0,0.45454545454545453,2,0,0.0,0
10,3,37,3,0,0,-1,40,2,0,0,2.0,3,0,0.0,0
27,3,99,1,0,4,1,100,2,0,0,2.7,3,0,120.0,0
16,3,57,2,0,6,0,59,2,0,0,0.5925925925925926,3,0,60.0,0
24,3,83,3,0,6,0,86,2,0,0,1.5,3,0,0.0,0
6,2,18,2,0,0,-1,20,1,0,0,0.25,2,0,60.0,0
14,3,51,2,0,0,-1,53,1,0,0,2.3333333333333335,3,0,60.0,0
4,2,13,1,0,0,-1,14,0,0,0,0.2857142857142857,2,0,60.0,0
14,3,53,2,0,3,-1,55,1,0,0,3.5,3,0,60.0,0
10,3,36,2,0,4,-1,38,2,0,0,0.7142857142857143,3,0,60.0,0
15,3,59,1,0,6,-1,60,2,0,0,1.5,3,0,0.0,0
5,4,26,1,0,0,-1,27,0,0,0,0.3333333333333333,4,0,0.0,0
8,3,28,1,0,0,-1,29,0,0,0,1.6,3,0,60.0,0
17,3,61,2,0,1,-1,63,1,0,0,2.125,3,0,60.0,0
17,3,57,2,0,0,-1,59,0,0,0,1.0,3,0,0.0,0
10,3,40,2,0,1,-1,42,1,0,0,0.5882352941176471,3,0,0.0,0
10,3,39,2,0,0,0,41,0,0,0,1.0,3,0,0.0,0
10,3,38,2,0,0,-1,40,0,0,0,1.0,3,0,0.0,0
5,3,21,1,0,0,-1,22,0,0,0,0.5,3,0,0.0,0
8,3,31,2,0,0,-1,33,1,0,0,1.6,3,0,0.0,0
8,2,24,2,0,0,-1,26,0,0,0,1.0,2,0,0.0,0
12,3,44,1,0,1,-1,45,1,0,0,1.5,3,0,0.0,0
19,3,68,3,0,2,2,71,2,0,0,1.5833333333333333,3,0,60.0,0
8,2,20,1,0,1,-1,21,1,0,0,0.42105263157894735,2,0,0.0,0
4,3,14,1,0,1,-1,15,0,0,0,0.5,3,0,60.0,0
6,3,23,1,0,0,-1,24,0,0,0,1.5,3,0,0.0,0
1,1,2,1,0,0,-1,3,1,0,0,0.16666666666666666,1,0,60.0,0
8,3,33,1,0,3,-1,34,0,0,0,8.0,3,0,0.0,0
5,3,19,1,0,0,-1,20,0,0,0,0.625,3,0,60.0,0
10,3,34,1,0,2,-1,35,0,0,0,2.0,3,0,0.0,0
17,3,69,1,0,0,0,70,0,0,0,1.7,3,0,0.0,0
6,2,19,1,0,0,-1,20,0,0,0,0.35294117647058826,2,0,120.0,0
26,3,90,3,0,1,0,93,0,0,0,4.333333333333333,3,0,120.0,0
7,3,26,1,0,1,-1,27,0,0,0,0.2692307692307692,3,0,0.0,0
6,2,14,1,0,2,-1,15,1,0,0,0.8571428571428571,2,0,0.0,0
4,3,14,1,0,0,-1,15,0,0,0,0.6666666666666666,3,0,0.0,0
14,4,63,1,0,6,1,64,0,0,0,3.5,4,0,0.0,0
6,2,15,2,0,2,-1,17,0,0,0,0.42857142857142855,2,0,0.0,0
11,3,38,1,0,4,-1,39,2,0,0,1.8333333333333333,3,0,0.0,0
13,3,43,1,0,1,-1,44,0,0,0,1.1818181818181819,3,0,0.0,0
6,2,14,1,0,1,-1,15,0,0,0,0.46153846153846156,2,0,0.0,0
3,2,8,1,0,1,-1,9,2,0,0,0.5,2,0,0.0,0
8,2,21,1,0,1,-1,22,2,0,0,2.6666666666666665,2,0,0.0,0
1,0,0,0,4,0,-1,0,0,0,0,0.125,0,0,0.0,0
3,3,11,1,0,0,-1,12,0,0,0,3.0,3,0,60.0,0
6,1,11,1,0,0,1,12,0,0,0,2.0,1,0,960.0,0
1,1,2,1,0,0,-1,3,0,0,0,0.16666666666666666,1,0,2460.0,0
5,2,16,1,0,0,-1,17,0,0,0,5.0,2,0,60.0,0
3,3,11,1,0,0,-1,12,0,0,0,0.6,3,0,0.0,0
1,2,4,1,0,0,-1,5,0,0,0,0.3333333333333333,2,0,0.0,0
2,4,11,1,0,0,-1,12,0,0,0,2.0,4,0,60.0,0
6,3,20,1,0,0,-1,21,1,0,0,3.0,3,0,60.0,0
5,2,16,1,0,1,-1,17,0,0,0,0.8333333333333334,2,0,0.0,0
4,2,12,1,0,0,-1,13,0,0,0,0.8,2,0,0.0,0
1,0,0,0,4,0,-1,0,0,0,0,0.25,0,0,60.0,0
4,2,13,1,0,0,-1,14,1,0,0,4.0,2,0,0.0,0
7,2,17,2,0,0,-1,19,0,0,0,1.75,2,0,60.0,0
5,3,19,2,0,0,-1,21,0,0,0,0.7142857142857143,3,0,0.0,0
6,3,20,1,0,0,-1,21,0,0,0,1.2,3,0,0.0,0
2,4,12,1,0,0,0,13,0,0,0,0.3333333333333333,4,0,60.0,0
6,2,17,1,0,0,-1,18,0,0,0,3.0,2,0,0.0,0
1,0,0,0,7,0,-1,0,0,0,0,0.16666666666666666,0,0,0.0,0
4,3,17,1,0,0,-1,18,0,0,0,4.0,3,0,0.0,0
2,2,6,1,0,0,0,7,0,0,0,0.5,2,0,60.0,0
4,3,15,1,0,0,2,16,0,1,0,2.0,3,0,0.0,0
4,2,13,1,0,0,-1,14,0,0,0,1.0,2,0,0.0,0
21,3,72,3,0,2,1,75,0,0,0,5.25,3,0,0.0,0
7,3,26,1,0,0,-1,27,1,0,0,0.3333333333333333,3,0,60.0,0
4,2,12,1,0,0,-1,13,0,0,0,0.5714285714285714,2,0,0.0,0
4,3,15,1,0,0,-1,16,0,0,0,1.0,3,0,0.0,0
1,1,2,1,0,0,-1,3,0,0,0,0.25,1,0,60.0,0
8,4,36,3,0,0,-1,39,0,0,0,8.0,4,0,0.0,0
2,3,9,1,0,0,-1,10,0,0,0,0.25,3,0,0.0,0
3,2,9,1,4,0,-1,10,0,0,0,1.5,2,0,60.0,0
4,3,17,1,0,0,-1,18,0,0,0,1.3333333333333333,3,0,0.0,0
1,1,2,1,0,0,-1,3,0,0,0,0.25,1,0,60.0,0
1,2,4,1,0,0,-1,5,0,1,0,1.0,2,0,0.0,0
6,3,21,1,0,1,-1,22,0,0,0,6.0,3,0,0.0,0
1,3,6,1,0,0,-1,7,0,0,0,0.16666666666666666,3,0,0.0,0
8,3,30,0,0,0,2,30,0,0,0,8.0,3,0,0.0,0
4,2,9,1,0,0,1,10,0,0,0,0.5,2,0,0.0,0
1,0,0,0,3,0,-1,0,0,0,0,0.25,0,0,60.0,0
3,3,11,1,0,0,-1,12,0,0,0,3.0,3,0,120.0,0
5,3,19,1,0,0,-1,20,0,0,0,1.6666666666666667,3,0,0.0,0
1,1,1,1,0,0,-1,2,2,0,0,0.2,1,0,60.0,0
